confidence_score,ptm,iptm,ligand_iptm,protein_iptm,complex_plddt,complex_iplddt,complex_pde,complex_ipde,chains_ptm_0,chains_ptm_1,pair_chains_iptm_0_0,pair_chains_iptm_0_1,pair_chains_iptm_1_0,pair_chains_iptm_1_1,protein_id,binder_type,ligand_id,model_id,json_path
0.8124378323554993,0.9228423833847046,0.627855122089386,0.627855122089386,0.0,0.8585834503173828,0.618223249912262,0.9213668704032898,4.531106472015381,0.9581225514411926,0.8100395798683167,0.9581225514411926,0.3009137213230133,0.627855122089386,0.8100395798683167,3LW0,allosteric,CCX,4,hackathon_data/intermediate_files/asos_public/predictions/boltz_results_3LW0_ALLOSTERIC_CCX_config_0/predictions/3LW0_ALLOSTERIC_CCX_config_0/confidence_3LW0_ALLOSTERIC_CCX_config_0_model_4.json
0.9055666923522949,0.9578167796134949,0.8869500756263733,0.8869500756263733,0.0,0.9102208018302917,0.859966516494751,0.515703022480011,1.6854658126831055,0.9660060405731201,0.8347613215446472,0.9660060405731201,0.5312387943267822,0.8869500756263733,0.8347613215446472,3LW0,allosteric,CCX,3,hackathon_data/intermediate_files/asos_public/predictions/boltz_results_3LW0_ALLOSTERIC_CCX_config_0/predictions/3LW0_ALLOSTERIC_CCX_config_0/confidence_3LW0_ALLOSTERIC_CCX_config_0_model_3.json
0.912060558795929,0.9600479006767273,0.8833112716674805,0.8833112716674805,0.0,0.9192478060722351,0.8833789229393005,0.5330621004104614,1.880873203277588,0.9688827395439148,0.8574020862579346,0.9688827395439148,0.538823664188385,0.8833112716674805,0.8574020862579346,3LW0,allosteric,CCX,2,hackathon_data/intermediate_files/asos_public/predictions/boltz_results_3LW0_ALLOSTERIC_CCX_config_0/predictions/3LW0_ALLOSTERIC_CCX_config_0/confidence_3LW0_ALLOSTERIC_CCX_config_0_model_2.json
0.9129040837287903,0.959632158279419,0.8964406251907349,0.8964406251907349,0.0,0.9170199036598206,0.8748733997344971,0.5012523531913757,1.6337083578109741,0.9669075012207031,0.8422152996063232,0.9669075012207031,0.5330188274383545,0.8964406251907349,0.8422152996063232,3LW0,allosteric,CCX,1,hackathon_data/intermediate_files/asos_public/predictions/boltz_results_3LW0_ALLOSTERIC_CCX_config_0/predictions/3LW0_ALLOSTERIC_CCX_config_0/confidence_3LW0_ALLOSTERIC_CCX_config_0_model_1.json
0.9158852696418762,0.9640340805053711,0.9126188158988953,0.9126188158988953,0.0,0.9167018532752991,0.8760133981704712,0.4690994918346405,1.437511682510376,0.9699535369873047,0.856709897518158,0.9699535369873047,0.5514246225357056,0.9126188158988953,0.856709897518158,3LW0,allosteric,CCX,0,hackathon_data/intermediate_files/asos_public/predictions/boltz_results_3LW0_ALLOSTERIC_CCX_config_0/predictions/3LW0_ALLOSTERIC_CCX_config_0/confidence_3LW0_ALLOSTERIC_CCX_config_0_model_0.json
0.9398908019065857,0.911855936050415,0.9788573980331421,0.9788573980331421,0.0,0.9301490783691406,0.9357566237449646,0.46795448660850525,0.9886316657066345,0.9093399047851562,0.9622227549552917,0.9093399047851562,0.714298665523529,0.9788573980331421,0.9622227549552917,1MMN,orthosteric,ANP,3,hackathon_data/intermediate_files/asos_public/predictions/boltz_results_1MMN_ORTHOSTERIC_ANP_config_0/predictions/1MMN_ORTHOSTERIC_ANP_config_0/confidence_1MMN_ORTHOSTERIC_ANP_config_0_model_3.json
0.940220832824707,0.9075772166252136,0.978283166885376,0.978283166885376,0.0,0.930705189704895,0.9350981712341309,0.47976362705230713,1.023794174194336,0.9047726392745972,0.9591150283813477,0.9047726392745972,0.7106198072433472,0.978283166885376,0.9591150283813477,1MMN,orthosteric,ANP,2,hackathon_data/intermediate_files/asos_public/predictions/boltz_results_1MMN_ORTHOSTERIC_ANP_config_0/predictions/1MMN_ORTHOSTERIC_ANP_config_0/confidence_1MMN_ORTHOSTERIC_ANP_config_0_model_2.json
0.9390392303466797,0.9121872186660767,0.9797934889793396,0.9797934889793396,0.0,0.9288507103919983,0.9347647428512573,0.464760422706604,0.9583460688591003,0.910007119178772,0.9638278484344482,0.910007119178772,0.7164800763130188,0.9797934889793396,0.9638278484344482,1MMN,orthosteric,ANP,4,hackathon_data/intermediate_files/asos_public/predictions/boltz_results_1MMN_ORTHOSTERIC_ANP_config_0/predictions/1MMN_ORTHOSTERIC_ANP_config_0/confidence_1MMN_ORTHOSTERIC_ANP_config_0_model_4.json
0.9405434727668762,0.9104672074317932,0.9801867008209229,0.9801867008209229,0.0,0.9306326508522034,0.9357208013534546,0.46930018067359924,0.9550541043281555,0.9076895117759705,0.9658746719360352,0.9076895117759705,0.7241515517234802,0.9801867008209229,0.9658746719360352,1MMN,orthosteric,ANP,1,hackathon_data/intermediate_files/asos_public/predictions/boltz_results_1MMN_ORTHOSTERIC_ANP_config_0/predictions/1MMN_ORTHOSTERIC_ANP_config_0/confidence_1MMN_ORTHOSTERIC_ANP_config_0_model_1.json
0.9408405423164368,0.9139621257781982,0.9792430400848389,0.9792430400848389,0.0,0.9312398433685303,0.9365411400794983,0.46515655517578125,0.9695174694061279,0.9113764762878418,0.963111937046051,0.9113764762878418,0.7197406888008118,0.9792430400848389,0.963111937046051,1MMN,orthosteric,ANP,0,hackathon_data/intermediate_files/asos_public/predictions/boltz_results_1MMN_ORTHOSTERIC_ANP_config_0/predictions/1MMN_ORTHOSTERIC_ANP_config_0/confidence_1MMN_ORTHOSTERIC_ANP_config_0_model_0.json
0.8832163214683533,0.9003480076789856,0.9853203296661377,0.9853203296661377,0.0,0.8576902151107788,0.8941701650619507,0.5744913220405579,0.45496365427970886,0.8950918316841125,0.9188312888145447,0.8950918316841125,0.6404886841773987,0.9853203296661377,0.9188312888145447,4EBV,allosteric,0O7,4,hackathon_data/intermediate_files/asos_public/predictions/boltz_results_4EBV_ALLOSTERIC_0O7_config_0/predictions/4EBV_ALLOSTERIC_0O7_config_0/confidence_4EBV_ALLOSTERIC_0O7_config_0_model_4.json
0.8977228403091431,0.890265941619873,0.9850995540618896,0.9850995540618896,0.0,0.8758786916732788,0.9116249680519104,0.6214599013328552,0.4635660946369171,0.8844043612480164,0.9184007048606873,0.8844043612480164,0.622633695602417,0.9850995540618896,0.9184007048606873,4EBV,allosteric,0O7,2,hackathon_data/intermediate_files/asos_public/predictions/boltz_results_4EBV_ALLOSTERIC_0O7_config_0/predictions/4EBV_ALLOSTERIC_0O7_config_0/confidence_4EBV_ALLOSTERIC_0O7_config_0_model_2.json
0.8994038701057434,0.9011939167976379,0.9842109084129333,0.9842109084129333,0.0,0.8782021403312683,0.9033530354499817,0.5812820792198181,0.45974278450012207,0.8956306576728821,0.9173842668533325,0.8956306576728821,0.6384822130203247,0.9842109084129333,0.9173842668533325,4EBV,allosteric,0O7,1,hackathon_data/intermediate_files/asos_public/predictions/boltz_results_4EBV_ALLOSTERIC_0O7_config_0/predictions/4EBV_ALLOSTERIC_0O7_config_0/confidence_4EBV_ALLOSTERIC_0O7_config_0_model_1.json
0.9059772491455078,0.9168601632118225,0.9863214492797852,0.9863214492797852,0.0,0.8858912587165833,0.9144471287727356,0.5105020999908447,0.4203062355518341,0.9126904010772705,0.9218834042549133,0.9126904010772705,0.652876615524292,0.9863214492797852,0.9218834042549133,4EBV,allosteric,0O7,0,hackathon_data/intermediate_files/asos_public/predictions/boltz_results_4EBV_ALLOSTERIC_0O7_config_0/predictions/4EBV_ALLOSTERIC_0O7_config_0/confidence_4EBV_ALLOSTERIC_0O7_config_0_model_0.json
0.8910645842552185,0.9124322533607483,0.9842968583106995,0.9842968583106995,0.0,0.8677564263343811,0.8979249596595764,0.5393739938735962,0.4599399268627167,0.9082290530204773,0.9170240759849548,0.9082290530204773,0.6460592150688171,0.9842968583106995,0.9170240759849548,4EBV,allosteric,0O7,3,hackathon_data/intermediate_files/asos_public/predictions/boltz_results_4EBV_ALLOSTERIC_0O7_config_0/predictions/4EBV_ALLOSTERIC_0O7_config_0/confidence_4EBV_ALLOSTERIC_0O7_config_0_model_3.json
0.9275363087654114,0.9411075711250305,0.9874441623687744,0.9874441623687744,0.0,0.9125593304634094,0.9142441749572754,0.4508039355278015,0.44255852699279785,0.9386416673660278,0.9570807814598083,0.9386416673660278,0.6820895671844482,0.9874441623687744,0.9570807814598083,3MVH,orthosteric,WFE,0,hackathon_data/intermediate_files/asos_public/predictions/boltz_results_3MVH_ORTHOSTERIC_WFE_config_0/predictions/3MVH_ORTHOSTERIC_WFE_config_0/confidence_3MVH_ORTHOSTERIC_WFE_config_0_model_0.json
0.9079275131225586,0.9496734738349915,0.9869508743286133,0.9869508743286133,0.0,0.8881716728210449,0.9021757245063782,0.41773298382759094,0.4357393682003021,0.9477066397666931,0.9584704637527466,0.9477066397666931,0.7015239000320435,0.9869508743286133,0.9584704637527466,3MVH,orthosteric,WFE,3,hackathon_data/intermediate_files/asos_public/predictions/boltz_results_3MVH_ORTHOSTERIC_WFE_config_0/predictions/3MVH_ORTHOSTERIC_WFE_config_0/confidence_3MVH_ORTHOSTERIC_WFE_config_0_model_3.json
0.9075908064842224,0.9331777095794678,0.9874891042709351,0.9874891042709351,0.0,0.8876161575317383,0.9039710164070129,0.4882041811943054,0.45176568627357483,0.9299806952476501,0.9587956666946411,0.9299806952476501,0.6844353079795837,0.9874891042709351,0.9587956666946411,3MVH,orthosteric,WFE,4,hackathon_data/intermediate_files/asos_public/predictions/boltz_results_3MVH_ORTHOSTERIC_WFE_config_0/predictions/3MVH_ORTHOSTERIC_WFE_config_0/confidence_3MVH_ORTHOSTERIC_WFE_config_0_model_4.json
0.9221193194389343,0.938957691192627,0.9842476844787598,0.9842476844787598,0.0,0.9065872430801392,0.9169542193412781,0.4659726619720459,0.4760144352912903,0.9365643262863159,0.9504975080490112,0.9365643262863159,0.6686551570892334,0.9842476844787598,0.9504975080490112,3MVH,orthosteric,WFE,1,hackathon_data/intermediate_files/asos_public/predictions/boltz_results_3MVH_ORTHOSTERIC_WFE_config_0/predictions/3MVH_ORTHOSTERIC_WFE_config_0/confidence_3MVH_ORTHOSTERIC_WFE_config_0_model_1.json
0.9213576316833496,0.9330257773399353,0.9862244129180908,0.9862244129180908,0.0,0.9051409363746643,0.9151352047920227,0.4896138608455658,0.4707055687904358,0.9300014972686768,0.9538626074790955,0.9300014972686768,0.6690992116928101,0.9862244129180908,0.9538626074790955,3MVH,orthosteric,WFE,2,hackathon_data/intermediate_files/asos_public/predictions/boltz_results_3MVH_ORTHOSTERIC_WFE_config_0/predictions/3MVH_ORTHOSTERIC_WFE_config_0/confidence_3MVH_ORTHOSTERIC_WFE_config_0_model_2.json
0.9282437562942505,0.9728912115097046,0.9896994829177856,0.9896994829177856,0.0,0.9128797650337219,0.929796040058136,0.3312900960445404,0.41008755564689636,0.9723348617553711,0.9640834331512451,0.9723348617553711,0.8147811889648438,0.9896994829177856,0.9640834331512451,4IZY,orthosteric,1J2,4,hackathon_data/intermediate_files/asos_public/predictions/boltz_results_4IZY_ORTHOSTERIC_1J2_config_0/predictions/4IZY_ORTHOSTERIC_1J2_config_0/confidence_4IZY_ORTHOSTERIC_1J2_config_0_model_4.json
0.9306944012641907,0.9770163297653198,0.9909766316413879,0.9909766316413879,0.0,0.9156237840652466,0.9263414144515991,0.3199317455291748,0.39951080083847046,0.9766290187835693,0.9645338654518127,0.9766290187835693,0.8214025497436523,0.9909766316413879,0.9645338654518127,4IZY,orthosteric,1J2,2,hackathon_data/intermediate_files/asos_public/predictions/boltz_results_4IZY_ORTHOSTERIC_1J2_config_0/predictions/4IZY_ORTHOSTERIC_1J2_config_0/confidence_4IZY_ORTHOSTERIC_1J2_config_0_model_2.json
0.9315385222434998,0.9626292586326599,0.987982451915741,0.987982451915741,0.0,0.9174275398254395,0.9216549396514893,0.3651801347732544,0.44767168164253235,0.9616292119026184,0.9606428742408752,0.9616292119026184,0.801287055015564,0.987982451915741,0.9606428742408752,4IZY,orthosteric,1J2,1,hackathon_data/intermediate_files/asos_public/predictions/boltz_results_4IZY_ORTHOSTERIC_1J2_config_0/predictions/4IZY_ORTHOSTERIC_1J2_config_0/confidence_4IZY_ORTHOSTERIC_1J2_config_0_model_1.json
0.9331955909729004,0.9624451398849487,0.9883176684379578,0.9883176684379578,0.0,0.9194150567054749,0.9248818159103394,0.36072254180908203,0.4366685748100281,0.96149742603302,0.9604931473731995,0.96149742603302,0.798347532749176,0.9883176684379578,0.9604931473731995,4IZY,orthosteric,1J2,0,hackathon_data/intermediate_files/asos_public/predictions/boltz_results_4IZY_ORTHOSTERIC_1J2_config_0/predictions/4IZY_ORTHOSTERIC_1J2_config_0/confidence_4IZY_ORTHOSTERIC_1J2_config_0_model_0.json
0.9289789199829102,0.9723231196403503,0.9901584386825562,0.9901584386825562,0.0,0.9136840105056763,0.9252517819404602,0.335037499666214,0.41197869181632996,0.9717273116111755,0.9643540382385254,0.9717273116111755,0.8203797936439514,0.9901584386825562,0.9643540382385254,4IZY,orthosteric,1J2,3,hackathon_data/intermediate_files/asos_public/predictions/boltz_results_4IZY_ORTHOSTERIC_1J2_config_0/predictions/4IZY_ORTHOSTERIC_1J2_config_0/confidence_4IZY_ORTHOSTERIC_1J2_config_0_model_3.json
0.857566773891449,0.9605962634086609,0.8767955899238586,0.8767955899238586,0.0,0.8527594804763794,0.8875719904899597,0.5412949323654175,2.479057788848877,0.9656869769096375,0.9370375275611877,0.9656869769096375,0.44708144664764404,0.8767955899238586,0.9370375275611877,3WPN,allosteric,B4S,3,hackathon_data/intermediate_files/asos_public/predictions/boltz_results_3WPN_ALLOSTERIC_B4S_config_0/predictions/3WPN_ALLOSTERIC_B4S_config_0/confidence_3WPN_ALLOSTERIC_B4S_config_0_model_3.json
0.8580382466316223,0.9676136374473572,0.9572160840034485,0.9572160840034485,0.0,0.8332437872886658,0.7888169288635254,0.37873414158821106,0.8279041051864624,0.9684773683547974,0.939574122428894,0.9684773683547974,0.4863297939300537,0.9572160840034485,0.939574122428894,3WPN,allosteric,B4S,2,hackathon_data/intermediate_files/asos_public/predictions/boltz_results_3WPN_ALLOSTERIC_B4S_config_0/predictions/3WPN_ALLOSTERIC_B4S_config_0/confidence_3WPN_ALLOSTERIC_B4S_config_0_model_2.json
0.8451350331306458,0.9620052576065063,0.9529222249984741,0.9529222249984741,0.0,0.8181882500648499,0.7566569447517395,0.4174116551876068,0.9470309019088745,0.9628413915634155,0.9422315955162048,0.9628413915634155,0.4971482455730438,0.9529222249984741,0.9422315955162048,3WPN,allosteric,B4S,4,hackathon_data/intermediate_files/asos_public/predictions/boltz_results_3WPN_ALLOSTERIC_B4S_config_0/predictions/3WPN_ALLOSTERIC_B4S_config_0/confidence_3WPN_ALLOSTERIC_B4S_config_0_model_4.json
0.8676533102989197,0.9620579481124878,0.9569087624549866,0.9569087624549866,0.0,0.8453393578529358,0.7806615829467773,0.3933810591697693,0.8730993866920471,0.9627183675765991,0.9419586658477783,0.9627183675765991,0.48749440908432007,0.9569087624549866,0.9419586658477783,3WPN,allosteric,B4S,0,hackathon_data/intermediate_files/asos_public/predictions/boltz_results_3WPN_ALLOSTERIC_B4S_config_0/predictions/3WPN_ALLOSTERIC_B4S_config_0/confidence_3WPN_ALLOSTERIC_B4S_config_0_model_0.json
0.8606085777282715,0.9645237326622009,0.8968438506126404,0.8968438506126404,0.0,0.8515498042106628,0.8891023397445679,0.504252016544342,2.2085635662078857,0.9687533378601074,0.9380528926849365,0.9687533378601074,0.46495065093040466,0.8968438506126404,0.9380528926849365,3WPN,allosteric,B4S,1,hackathon_data/intermediate_files/asos_public/predictions/boltz_results_3WPN_ALLOSTERIC_B4S_config_0/predictions/3WPN_ALLOSTERIC_B4S_config_0/confidence_3WPN_ALLOSTERIC_B4S_config_0_model_1.json
0.9132383465766907,0.9659138917922974,0.9518309831619263,0.9518309831619263,0.0,0.9035901427268982,0.8001673221588135,0.42525842785835266,1.2101534605026245,0.9672839641571045,0.9357477426528931,0.9672839641571045,0.5624105930328369,0.9518309831619263,0.9357477426528931,3NEW,allosteric,3NE,1,hackathon_data/intermediate_files/asos_public/predictions/boltz_results_3NEW_ALLOSTERIC_3NE_config_0/predictions/3NEW_ALLOSTERIC_3NE_config_0/confidence_3NEW_ALLOSTERIC_3NE_config_0_model_1.json
0.9003451466560364,0.9576486349105835,0.9399322271347046,0.9399322271347046,0.0,0.8904483914375305,0.7654904127120972,0.4776546061038971,1.51260507106781,0.9592953324317932,0.9331138134002686,0.9592953324317932,0.5318787097930908,0.9399322271347046,0.9331138134002686,3NEW,allosteric,3NE,2,hackathon_data/intermediate_files/asos_public/predictions/boltz_results_3NEW_ALLOSTERIC_3NE_config_0/predictions/3NEW_ALLOSTERIC_3NE_config_0/confidence_3NEW_ALLOSTERIC_3NE_config_0_model_2.json
0.8828349113464355,0.9525051116943359,0.8483150601387024,0.8483150601387024,0.0,0.89146488904953,0.7137308716773987,0.695375919342041,3.414012908935547,0.960216224193573,0.9289345145225525,0.960216224193573,0.40988850593566895,0.8483150601387024,0.9289345145225525,3NEW,allosteric,3NE,4,hackathon_data/intermediate_files/asos_public/predictions/boltz_results_3NEW_ALLOSTERIC_3NE_config_0/predictions/3NEW_ALLOSTERIC_3NE_config_0/confidence_3NEW_ALLOSTERIC_3NE_config_0_model_4.json
0.9162716865539551,0.9671365022659302,0.9586571455001831,0.9586571455001831,0.0,0.9056753516197205,0.8173983097076416,0.4129009246826172,1.1300047636032104,0.9679685235023499,0.9549924731254578,0.9679685235023499,0.6234127879142761,0.9586571455001831,0.9549924731254578,3NEW,allosteric,3NE,0,hackathon_data/intermediate_files/asos_public/predictions/boltz_results_3NEW_ALLOSTERIC_3NE_config_0/predictions/3NEW_ALLOSTERIC_3NE_config_0/confidence_3NEW_ALLOSTERIC_3NE_config_0_model_0.json
0.8867157101631165,0.9479733109474182,0.8483465909957886,0.8483465909957886,0.0,0.8963080048561096,0.7172908782958984,0.945621132850647,5.59583854675293,0.9564313888549805,0.929934024810791,0.9564313888549805,0.48196831345558167,0.8483465909957886,0.929934024810791,3NEW,allosteric,3NE,3,hackathon_data/intermediate_files/asos_public/predictions/boltz_results_3NEW_ALLOSTERIC_3NE_config_0/predictions/3NEW_ALLOSTERIC_3NE_config_0/confidence_3NEW_ALLOSTERIC_3NE_config_0_model_3.json
0.8497172594070435,0.8463103175163269,0.9152687191963196,0.9152687191963196,0.0,0.8333293795585632,0.7136085629463196,1.0690982341766357,1.5530589818954468,0.8392852544784546,0.8958225846290588,0.8392852544784546,0.6011991500854492,0.9152687191963196,0.8958225846290588,3F9N,allosteric,38M,3,hackathon_data/intermediate_files/asos_public/predictions/boltz_results_3F9N_ALLOSTERIC_38M_config_0/predictions/3F9N_ALLOSTERIC_38M_config_0/confidence_3F9N_ALLOSTERIC_38M_config_0_model_3.json
0.8710417151451111,0.8525553941726685,0.9387906193733215,0.9387906193733215,0.0,0.8541044592857361,0.794036865234375,0.9972460269927979,1.3726942539215088,0.8442225456237793,0.9029424786567688,0.8442225456237793,0.6306019425392151,0.9387906193733215,0.9029424786567688,3F9N,allosteric,38M,0,hackathon_data/intermediate_files/asos_public/predictions/boltz_results_3F9N_ALLOSTERIC_38M_config_0/predictions/3F9N_ALLOSTERIC_38M_config_0/confidence_3F9N_ALLOSTERIC_38M_config_0_model_0.json
0.8218356966972351,0.8392816781997681,0.8527656197547913,0.8527656197547913,0.0,0.8141032457351685,0.65140700340271,1.1296135187149048,2.0013372898101807,0.8393543362617493,0.8913763165473938,0.8393543362617493,0.48917141556739807,0.8527656197547913,0.8913763165473938,3F9N,allosteric,38M,4,hackathon_data/intermediate_files/asos_public/predictions/boltz_results_3F9N_ALLOSTERIC_38M_config_0/predictions/3F9N_ALLOSTERIC_38M_config_0/confidence_3F9N_ALLOSTERIC_38M_config_0_model_4.json
0.8564876914024353,0.8705685138702393,0.9270238280296326,0.9270238280296326,0.0,0.8388535976409912,0.7157859206199646,0.9530308842658997,1.759636640548706,0.864917516708374,0.9270309209823608,0.864917516708374,0.6215165257453918,0.9270238280296326,0.9270309209823608,3F9N,allosteric,38M,1,hackathon_data/intermediate_files/asos_public/predictions/boltz_results_3F9N_ALLOSTERIC_38M_config_0/predictions/3F9N_ALLOSTERIC_38M_config_0/confidence_3F9N_ALLOSTERIC_38M_config_0_model_1.json
0.8512417078018188,0.8637429475784302,0.9311219453811646,0.9311219453811646,0.0,0.8312716484069824,0.7355287671089172,1.0021508932113647,1.8572821617126465,0.8567103147506714,0.9302163124084473,0.8567103147506714,0.6268221139907837,0.9311219453811646,0.9302163124084473,3F9N,allosteric,38M,2,hackathon_data/intermediate_files/asos_public/predictions/boltz_results_3F9N_ALLOSTERIC_38M_config_0/predictions/3F9N_ALLOSTERIC_38M_config_0/confidence_3F9N_ALLOSTERIC_38M_config_0_model_2.json
0.9024108052253723,0.9445325136184692,0.9347564578056335,0.9347564578056335,0.0,0.8943244218826294,0.8402771949768066,0.5284750461578369,1.2769302129745483,0.9458673596382141,0.9023253917694092,0.9458673596382141,0.6097071170806885,0.9347564578056335,0.9023253917694092,3NXU,orthosteric,RIT,1,hackathon_data/intermediate_files/asos_public/predictions/boltz_results_3NXU_ORTHOSTERIC_RIT_config_0/predictions/3NXU_ORTHOSTERIC_RIT_config_0/confidence_3NXU_ORTHOSTERIC_RIT_config_0_model_1.json
0.8933246731758118,0.949592113494873,0.9364013075828552,0.9364013075828552,0.0,0.8825554847717285,0.7850282788276672,0.5132176280021667,1.2662990093231201,0.9514278173446655,0.875108003616333,0.9514278173446655,0.5243416428565979,0.9364013075828552,0.875108003616333,3NXU,orthosteric,RIT,4,hackathon_data/intermediate_files/asos_public/predictions/boltz_results_3NXU_ORTHOSTERIC_RIT_config_0/predictions/3NXU_ORTHOSTERIC_RIT_config_0/confidence_3NXU_ORTHOSTERIC_RIT_config_0_model_4.json
0.9009870886802673,0.9471543431282043,0.9404888153076172,0.9404888153076172,0.0,0.8911116719245911,0.8372098803520203,0.5136955380439758,1.2655695676803589,0.9481046795845032,0.8951120972633362,0.9481046795845032,0.5845911502838135,0.9404888153076172,0.8951120972633362,3NXU,orthosteric,RIT,2,hackathon_data/intermediate_files/asos_public/predictions/boltz_results_3NXU_ORTHOSTERIC_RIT_config_0/predictions/3NXU_ORTHOSTERIC_RIT_config_0/confidence_3NXU_ORTHOSTERIC_RIT_config_0_model_2.json
0.8984435200691223,0.9473268985748291,0.9282007813453674,0.9282007813453674,0.0,0.891004204750061,0.8248569965362549,0.5375330448150635,1.4272406101226807,0.9497947692871094,0.8722110390663147,0.9497947692871094,0.5249450206756592,0.9282007813453674,0.8722110390663147,3NXU,orthosteric,RIT,3,hackathon_data/intermediate_files/asos_public/predictions/boltz_results_3NXU_ORTHOSTERIC_RIT_config_0/predictions/3NXU_ORTHOSTERIC_RIT_config_0/confidence_3NXU_ORTHOSTERIC_RIT_config_0_model_3.json
0.9064943194389343,0.9503403306007385,0.9487064480781555,0.9487064480781555,0.0,0.8959413170814514,0.8439491391181946,0.48695454001426697,1.1512243747711182,0.9510681629180908,0.9267486929893494,0.9510681629180908,0.664905846118927,0.9487064480781555,0.9267486929893494,3NXU,orthosteric,RIT,0,hackathon_data/intermediate_files/asos_public/predictions/boltz_results_3NXU_ORTHOSTERIC_RIT_config_0/predictions/3NXU_ORTHOSTERIC_RIT_config_0/confidence_3NXU_ORTHOSTERIC_RIT_config_0_model_0.json
0.9154200553894043,0.9387935400009155,0.9687637686729431,0.9687637686729431,0.0,0.9020841121673584,0.9201803207397461,0.44229158759117126,0.7747442722320557,0.9373155832290649,0.9459254145622253,0.9373155832290649,0.7206108570098877,0.9687637686729431,0.9459254145622253,3PYY,allosteric,3YY,0,hackathon_data/intermediate_files/asos_public/predictions/boltz_results_3PYY_ALLOSTERIC_3YY_config_0/predictions/3PYY_ALLOSTERIC_3YY_config_0/confidence_3PYY_ALLOSTERIC_3YY_config_0_model_0.json
0.9090569615364075,0.9437586665153503,0.9693847298622131,0.9693847298622131,0.0,0.893975019454956,0.9090656042098999,0.4293859601020813,0.7605509757995605,0.9427844285964966,0.9416468739509583,0.9427844285964966,0.7079554796218872,0.9693847298622131,0.9416468739509583,3PYY,allosteric,3YY,3,hackathon_data/intermediate_files/asos_public/predictions/boltz_results_3PYY_ALLOSTERIC_3YY_config_0/predictions/3PYY_ALLOSTERIC_3YY_config_0/confidence_3PYY_ALLOSTERIC_3YY_config_0_model_3.json
0.9056348204612732,0.9252361059188843,0.9330757260322571,0.9330757260322571,0.0,0.8987745046615601,0.90593421459198,0.5227925777435303,1.123452067375183,0.9250064492225647,0.9221365451812744,0.9250064492225647,0.6499202251434326,0.9330757260322571,0.9221365451812744,3PYY,allosteric,3YY,4,hackathon_data/intermediate_files/asos_public/predictions/boltz_results_3PYY_ALLOSTERIC_3YY_config_0/predictions/3PYY_ALLOSTERIC_3YY_config_0/confidence_3PYY_ALLOSTERIC_3YY_config_0_model_4.json
0.9095650911331177,0.9446707963943481,0.9602177739143372,0.9602177739143372,0.0,0.8969019055366516,0.9141044020652771,0.4447009563446045,0.8294856548309326,0.9442294239997864,0.931681215763092,0.9442294239997864,0.6985650658607483,0.9602177739143372,0.931681215763092,3PYY,allosteric,3YY,2,hackathon_data/intermediate_files/asos_public/predictions/boltz_results_3PYY_ALLOSTERIC_3YY_config_0/predictions/3PYY_ALLOSTERIC_3YY_config_0/confidence_3PYY_ALLOSTERIC_3YY_config_0_model_2.json
0.913367748260498,0.9521778225898743,0.9725966453552246,0.9725966453552246,0.0,0.8985605239868164,0.9170315861701965,0.40343984961509705,0.7116621136665344,0.9513495564460754,0.9488956928253174,0.9513495564460754,0.7349347472190857,0.9725966453552246,0.9488956928253174,3PYY,allosteric,3YY,1,hackathon_data/intermediate_files/asos_public/predictions/boltz_results_3PYY_ALLOSTERIC_3YY_config_0/predictions/3PYY_ALLOSTERIC_3YY_config_0/confidence_3PYY_ALLOSTERIC_3YY_config_0_model_1.json
0.975581169128418,0.9845951795578003,0.949951708316803,0.949951708316803,0.0,0.9819884896278381,0.9543444514274597,0.3043358325958252,0.6694372296333313,0.9873122572898865,0.9156462550163269,0.9873122572898865,0.5262894630432129,0.949951708316803,0.9156462550163269,1AXB,orthosteric,FOS,0,hackathon_data/intermediate_files/asos_public/predictions/boltz_results_1AXB_ORTHOSTERIC_FOS_config_0/predictions/1AXB_ORTHOSTERIC_FOS_config_0/confidence_1AXB_ORTHOSTERIC_FOS_config_0_model_0.json
0.9717346429824829,0.983592689037323,0.9372208714485168,0.9372208714485168,0.0,0.9803630709648132,0.9446108937263489,0.31276994943618774,0.7573927044868469,0.9869621396064758,0.8993632197380066,0.9869621396064758,0.4763679504394531,0.9372208714485168,0.8993632197380066,1AXB,orthosteric,FOS,2,hackathon_data/intermediate_files/asos_public/predictions/boltz_results_1AXB_ORTHOSTERIC_FOS_config_0/predictions/1AXB_ORTHOSTERIC_FOS_config_0/confidence_1AXB_ORTHOSTERIC_FOS_config_0_model_2.json
0.9690081477165222,0.9841424822807312,0.9282633066177368,0.9282633066177368,0.0,0.9791943430900574,0.9384604692459106,0.3191767930984497,0.8324310779571533,0.9881811141967773,0.9036916494369507,0.9881811141967773,0.40190649032592773,0.9282633066177368,0.9036916494369507,1AXB,orthosteric,FOS,4,hackathon_data/intermediate_files/asos_public/predictions/boltz_results_1AXB_ORTHOSTERIC_FOS_config_0/predictions/1AXB_ORTHOSTERIC_FOS_config_0/confidence_1AXB_ORTHOSTERIC_FOS_config_0_model_4.json
0.9732945561408997,0.9834913015365601,0.9404813051223755,0.9404813051223755,0.0,0.9814978241920471,0.9508465528488159,0.3109992444515228,0.7285283803939819,0.9867244958877563,0.9050636887550354,0.9867244958877563,0.4942130446434021,0.9404813051223755,0.9050636887550354,1AXB,orthosteric,FOS,1,hackathon_data/intermediate_files/asos_public/predictions/boltz_results_1AXB_ORTHOSTERIC_FOS_config_0/predictions/1AXB_ORTHOSTERIC_FOS_config_0/confidence_1AXB_ORTHOSTERIC_FOS_config_0_model_1.json
0.9715539813041687,0.9843802452087402,0.9372686743736267,0.9372686743736267,0.0,0.9801253080368042,0.9437968730926514,0.3112385869026184,0.7555890679359436,0.9878233671188354,0.8984382748603821,0.9878233671188354,0.4671103060245514,0.9372686743736267,0.8984382748603821,1AXB,orthosteric,FOS,3,hackathon_data/intermediate_files/asos_public/predictions/boltz_results_1AXB_ORTHOSTERIC_FOS_config_0/predictions/1AXB_ORTHOSTERIC_FOS_config_0/confidence_1AXB_ORTHOSTERIC_FOS_config_0_model_3.json
0.9599053263664246,0.966469407081604,0.9463884830474854,0.9463884830474854,0.0,0.9632845520973206,0.9419669508934021,0.38195034861564636,0.7186009287834167,0.9701297283172607,0.9012120962142944,0.9701297283172607,0.6121969223022461,0.9463884830474854,0.9012120962142944,2E9N,orthosteric,76A,4,hackathon_data/intermediate_files/asos_public/predictions/boltz_results_2E9N_ORTHOSTERIC_76A_config_0/predictions/2E9N_ORTHOSTERIC_76A_config_0/confidence_2E9N_ORTHOSTERIC_76A_config_0_model_4.json
0.9599778056144714,0.9634060263633728,0.9424102902412415,0.9424102902412415,0.0,0.9643697142601013,0.943854808807373,0.39237311482429504,0.7426905035972595,0.9671860933303833,0.9000651836395264,0.9671860933303833,0.6107869744300842,0.9424102902412415,0.9000651836395264,2E9N,orthosteric,76A,3,hackathon_data/intermediate_files/asos_public/predictions/boltz_results_2E9N_ORTHOSTERIC_76A_config_0/predictions/2E9N_ORTHOSTERIC_76A_config_0/confidence_2E9N_ORTHOSTERIC_76A_config_0_model_3.json
0.960800290107727,0.9674334526062012,0.9478098154067993,0.9478098154067993,0.0,0.964047908782959,0.9432584047317505,0.3754252791404724,0.7073150277137756,0.9709858298301697,0.9033379554748535,0.9709858298301697,0.6169130802154541,0.9478098154067993,0.9033379554748535,2E9N,orthosteric,76A,1,hackathon_data/intermediate_files/asos_public/predictions/boltz_results_2E9N_ORTHOSTERIC_76A_config_0/predictions/2E9N_ORTHOSTERIC_76A_config_0/confidence_2E9N_ORTHOSTERIC_76A_config_0_model_1.json
0.9606167674064636,0.9689445495605469,0.9477370381355286,0.9477370381355286,0.0,0.963836669921875,0.9434263706207275,0.37296250462532043,0.695314347743988,0.9725655913352966,0.9023445248603821,0.9725655913352966,0.6205287575721741,0.9477370381355286,0.9023445248603821,2E9N,orthosteric,76A,2,hackathon_data/intermediate_files/asos_public/predictions/boltz_results_2E9N_ORTHOSTERIC_76A_config_0/predictions/2E9N_ORTHOSTERIC_76A_config_0/confidence_2E9N_ORTHOSTERIC_76A_config_0_model_2.json
0.9608381390571594,0.9679780006408691,0.9474785923957825,0.9474785923957825,0.0,0.9641779661178589,0.944665253162384,0.37562212347984314,0.7122475504875183,0.9716274738311768,0.9041621685028076,0.9716274738311768,0.618716299533844,0.9474785923957825,0.9041621685028076,2E9N,orthosteric,76A,0,hackathon_data/intermediate_files/asos_public/predictions/boltz_results_2E9N_ORTHOSTERIC_76A_config_0/predictions/2E9N_ORTHOSTERIC_76A_config_0/confidence_2E9N_ORTHOSTERIC_76A_config_0_model_0.json
0.963331401348114,0.9699658155441284,0.9898816347122192,0.9898816347122192,0.0,0.9566938877105713,0.9527218341827393,0.3366682827472687,0.42142289876937866,0.9688905477523804,0.8795768022537231,0.9688905477523804,0.6443505883216858,0.9898816347122192,0.8795768022537231,3KF7,orthosteric,L9G,2,hackathon_data/intermediate_files/asos_public/predictions/boltz_results_3KF7_ORTHOSTERIC_L9G_config_0/predictions/3KF7_ORTHOSTERIC_L9G_config_0/confidence_3KF7_ORTHOSTERIC_L9G_config_0_model_2.json
0.9620167016983032,0.9740117192268372,0.9912114143371582,0.9912114143371582,0.0,0.9547179341316223,0.9510233402252197,0.32328706979751587,0.403702974319458,0.9730905890464783,0.8921638131141663,0.9730905890464783,0.6641101837158203,0.9912114143371582,0.8921638131141663,3KF7,orthosteric,L9G,4,hackathon_data/intermediate_files/asos_public/predictions/boltz_results_3KF7_ORTHOSTERIC_L9G_config_0/predictions/3KF7_ORTHOSTERIC_L9G_config_0/confidence_3KF7_ORTHOSTERIC_L9G_config_0_model_4.json
0.9635741114616394,0.968106210231781,0.9892234206199646,0.9892234206199646,0.0,0.9571617841720581,0.9560590386390686,0.3437962532043457,0.43112725019454956,0.9669844508171082,0.8788815140724182,0.9669844508171082,0.6384998559951782,0.9892234206199646,0.8788815140724182,3KF7,orthosteric,L9G,1,hackathon_data/intermediate_files/asos_public/predictions/boltz_results_3KF7_ORTHOSTERIC_L9G_config_0/predictions/3KF7_ORTHOSTERIC_L9G_config_0/confidence_3KF7_ORTHOSTERIC_L9G_config_0_model_1.json
0.9642540216445923,0.9740109443664551,0.9914848804473877,0.9914848804473877,0.0,0.957446277141571,0.9551286101341248,0.3233507573604584,0.39883965253829956,0.973067581653595,0.8849307894706726,0.973067581653595,0.6711304783821106,0.9914848804473877,0.8849307894706726,3KF7,orthosteric,L9G,0,hackathon_data/intermediate_files/asos_public/predictions/boltz_results_3KF7_ORTHOSTERIC_L9G_config_0/predictions/3KF7_ORTHOSTERIC_L9G_config_0/confidence_3KF7_ORTHOSTERIC_L9G_config_0_model_0.json
0.9628379940986633,0.9722846746444702,0.9904859066009521,0.9904859066009521,0.0,0.9559260010719299,0.9528831243515015,0.3291700780391693,0.4154391288757324,0.9713138341903687,0.8843848705291748,0.9713138341903687,0.6524585485458374,0.9904859066009521,0.8843848705291748,3KF7,orthosteric,L9G,3,hackathon_data/intermediate_files/asos_public/predictions/boltz_results_3KF7_ORTHOSTERIC_L9G_config_0/predictions/3KF7_ORTHOSTERIC_L9G_config_0/confidence_3KF7_ORTHOSTERIC_L9G_config_0_model_3.json
0.9579931497573853,0.9837356209754944,0.9815996885299683,0.9815996885299683,0.0,0.9520915150642395,0.9459410905838013,0.28409650921821594,0.36542776226997375,0.9840837717056274,0.9680637121200562,0.9840837717056274,0.7800307273864746,0.9815996885299683,0.9680637121200562,1BZC,orthosteric,TPI,1,hackathon_data/intermediate_files/asos_public/predictions/boltz_results_1BZC_ORTHOSTERIC_TPI_config_0/predictions/1BZC_ORTHOSTERIC_TPI_config_0/confidence_1BZC_ORTHOSTERIC_TPI_config_0_model_1.json
0.9585906863212585,0.9809609651565552,0.9804381132125854,0.9804381132125854,0.0,0.9531288146972656,0.9489998817443848,0.28868114948272705,0.3766418993473053,0.9811536073684692,0.9672203660011292,0.9811536073684692,0.7752403616905212,0.9804381132125854,0.9672203660011292,1BZC,orthosteric,TPI,0,hackathon_data/intermediate_files/asos_public/predictions/boltz_results_1BZC_ORTHOSTERIC_TPI_config_0/predictions/1BZC_ORTHOSTERIC_TPI_config_0/confidence_1BZC_ORTHOSTERIC_TPI_config_0_model_0.json
0.9531313180923462,0.9793996810913086,0.9784863591194153,0.9784863591194153,0.0,0.9467925429344177,0.9406559467315674,0.30324703454971313,0.4034661054611206,0.9796413779258728,0.9648215174674988,0.9796413779258728,0.7653865814208984,0.9784863591194153,0.9648215174674988,1BZC,orthosteric,TPI,3,hackathon_data/intermediate_files/asos_public/predictions/boltz_results_1BZC_ORTHOSTERIC_TPI_config_0/predictions/1BZC_ORTHOSTERIC_TPI_config_0/confidence_1BZC_ORTHOSTERIC_TPI_config_0_model_3.json
0.956948459148407,0.9802745580673218,0.9794846177101135,0.9794846177101135,0.0,0.9513144493103027,0.9463388323783875,0.2891466021537781,0.3774043023586273,0.980508029460907,0.9649884104728699,0.980508029460907,0.7598987817764282,0.9794846177101135,0.9649884104728699,1BZC,orthosteric,TPI,2,hackathon_data/intermediate_files/asos_public/predictions/boltz_results_1BZC_ORTHOSTERIC_TPI_config_0/predictions/1BZC_ORTHOSTERIC_TPI_config_0/confidence_1BZC_ORTHOSTERIC_TPI_config_0_model_2.json
0.9511985182762146,0.9666985869407654,0.973188579082489,0.973188579082489,0.0,0.9457009434700012,0.931256890296936,0.3339047431945801,0.4675532281398773,0.966349184513092,0.9581266641616821,0.966349184513092,0.7338194847106934,0.973188579082489,0.9581266641616821,1BZC,orthosteric,TPI,4,hackathon_data/intermediate_files/asos_public/predictions/boltz_results_1BZC_ORTHOSTERIC_TPI_config_0/predictions/1BZC_ORTHOSTERIC_TPI_config_0/confidence_1BZC_ORTHOSTERIC_TPI_config_0_model_4.json
0.866898238658905,0.953501284122467,0.7900673151016235,0.7900673151016235,0.0,0.8861059546470642,0.5470616817474365,0.5703874826431274,2.494356393814087,0.9761325716972351,0.8049871921539307,0.9761325716972351,0.3518177568912506,0.7900673151016235,0.8049871921539307,1T49,allosteric,892,2,hackathon_data/intermediate_files/asos_public/predictions/boltz_results_1T49_ALLOSTERIC_892_config_0/predictions/1T49_ALLOSTERIC_892_config_0/confidence_1T49_ALLOSTERIC_892_config_0_model_2.json
0.8610734343528748,0.9423940777778625,0.7038381695747375,0.7038381695747375,0.0,0.9003822207450867,0.6402963399887085,0.8909112215042114,5.2673211097717285,0.9740405082702637,0.7888883352279663,0.9740405082702637,0.2924107015132904,0.7038381695747375,0.7888883352279663,1T49,allosteric,892,3,hackathon_data/intermediate_files/asos_public/predictions/boltz_results_1T49_ALLOSTERIC_892_config_0/predictions/1T49_ALLOSTERIC_892_config_0/confidence_1T49_ALLOSTERIC_892_config_0_model_3.json
0.8721861839294434,0.960654079914093,0.82662034034729,0.82662034034729,0.0,0.8835776448249817,0.5289561152458191,0.5104559659957886,2.0045008659362793,0.977849543094635,0.834208607673645,0.977849543094635,0.3787471055984497,0.82662034034729,0.834208607673645,1T49,allosteric,892,1,hackathon_data/intermediate_files/asos_public/predictions/boltz_results_1T49_ALLOSTERIC_892_config_0/predictions/1T49_ALLOSTERIC_892_config_0/confidence_1T49_ALLOSTERIC_892_config_0_model_1.json
0.8553943634033203,0.9441190361976624,0.700810968875885,0.700810968875885,0.0,0.8940402269363403,0.5545231103897095,0.6069391369819641,2.738471746444702,0.9762809872627258,0.7630957961082458,0.9762809872627258,0.29007741808891296,0.700810968875885,0.7630957961082458,1T49,allosteric,892,4,hackathon_data/intermediate_files/asos_public/predictions/boltz_results_1T49_ALLOSTERIC_892_config_0/predictions/1T49_ALLOSTERIC_892_config_0/confidence_1T49_ALLOSTERIC_892_config_0_model_4.json
0.8903514742851257,0.9611026048660278,0.833076536655426,0.833076536655426,0.0,0.904670238494873,0.6255696415901184,0.47564536333084106,1.677579641342163,0.9781367182731628,0.7891741394996643,0.9781367182731628,0.41359055042266846,0.833076536655426,0.7891741394996643,1T49,allosteric,892,0,hackathon_data/intermediate_files/asos_public/predictions/boltz_results_1T49_ALLOSTERIC_892_config_0/predictions/1T49_ALLOSTERIC_892_config_0/confidence_1T49_ALLOSTERIC_892_config_0_model_0.json
0.9644894599914551,0.9837287068367004,0.9845082759857178,0.9845082759857178,0.0,0.9594847559928894,0.9676511883735657,0.28723785281181335,0.37532758712768555,0.9837565422058105,0.9695590138435364,0.9837565422058105,0.7507731318473816,0.9845082759857178,0.9695590138435364,2AX9,orthosteric,BHM,1,hackathon_data/intermediate_files/asos_public/predictions/boltz_results_2AX9_ORTHOSTERIC_BHM_config_0/predictions/2AX9_ORTHOSTERIC_BHM_config_0/confidence_2AX9_ORTHOSTERIC_BHM_config_0_model_1.json
0.9614042639732361,0.9816482663154602,0.9864504933357239,0.9864504933357239,0.0,0.9551426768302917,0.9649611115455627,0.2872978746891022,0.35477936267852783,0.9813697338104248,0.9711833596229553,0.9813697338104248,0.7495918273925781,0.9864504933357239,0.9711833596229553,2AX9,orthosteric,BHM,4,hackathon_data/intermediate_files/asos_public/predictions/boltz_results_2AX9_ORTHOSTERIC_BHM_config_0/predictions/2AX9_ORTHOSTERIC_BHM_config_0/confidence_2AX9_ORTHOSTERIC_BHM_config_0_model_4.json
0.9633064270019531,0.9793077707290649,0.9855571985244751,0.9855571985244751,0.0,0.9577437043190002,0.9681565761566162,0.29956749081611633,0.3687450885772705,0.9789001941680908,0.973636269569397,0.9789001941680908,0.7644234895706177,0.9855571985244751,0.973636269569397,2AX9,orthosteric,BHM,2,hackathon_data/intermediate_files/asos_public/predictions/boltz_results_2AX9_ORTHOSTERIC_BHM_config_0/predictions/2AX9_ORTHOSTERIC_BHM_config_0/confidence_2AX9_ORTHOSTERIC_BHM_config_0_model_2.json
0.9619472622871399,0.9796815514564514,0.9853525757789612,0.9853525757789612,0.0,0.9560958743095398,0.9630411863327026,0.29468920826911926,0.37052011489868164,0.9793281555175781,0.9692494869232178,0.9793281555175781,0.7423669099807739,0.9853525757789612,0.9692494869232178,2AX9,orthosteric,BHM,3,hackathon_data/intermediate_files/asos_public/predictions/boltz_results_2AX9_ORTHOSTERIC_BHM_config_0/predictions/2AX9_ORTHOSTERIC_BHM_config_0/confidence_2AX9_ORTHOSTERIC_BHM_config_0_model_3.json
0.9646920561790466,0.9806333184242249,0.9853586554527283,0.9853586554527283,0.0,0.9595253467559814,0.9665577411651611,0.2984606623649597,0.3700072467327118,0.9803322553634644,0.9715136885643005,0.9803322553634644,0.7595565319061279,0.9853586554527283,0.9715136885643005,2AX9,orthosteric,BHM,0,hackathon_data/intermediate_files/asos_public/predictions/boltz_results_2AX9_ORTHOSTERIC_BHM_config_0/predictions/2AX9_ORTHOSTERIC_BHM_config_0/confidence_2AX9_ORTHOSTERIC_BHM_config_0_model_0.json
0.9621483683586121,0.9565263390541077,0.9861478209495544,0.9861478209495544,0.0,0.9561485648155212,0.9700115323066711,0.382297158241272,0.41089123487472534,0.953611433506012,0.9685640931129456,0.953611433506012,0.8184139728546143,0.9861478209495544,0.9685640931129456,3K5V,orthosteric,STI,3,hackathon_data/intermediate_files/asos_public/predictions/boltz_results_3K5V_ORTHOSTERIC_STI_config_0/predictions/3K5V_ORTHOSTERIC_STI_config_0/confidence_3K5V_ORTHOSTERIC_STI_config_0_model_3.json
0.9617525935173035,0.9433528780937195,0.9822989106178284,0.9822989106178284,0.0,0.9566160440444946,0.9709155559539795,0.4181300401687622,0.4614552855491638,0.9392998218536377,0.95789635181427,0.9392998218536377,0.7757653594017029,0.9822989106178284,0.95789635181427,3K5V,orthosteric,STI,4,hackathon_data/intermediate_files/asos_public/predictions/boltz_results_3K5V_ORTHOSTERIC_STI_config_0/predictions/3K5V_ORTHOSTERIC_STI_config_0/confidence_3K5V_ORTHOSTERIC_STI_config_0_model_4.json
0.9632332921028137,0.9468030333518982,0.9847047924995422,0.9847047924995422,0.0,0.9578654170036316,0.9732862114906311,0.40772294998168945,0.43768468499183655,0.9428254961967468,0.9648962616920471,0.9428254961967468,0.7982473969459534,0.9847047924995422,0.9648962616920471,3K5V,orthosteric,STI,2,hackathon_data/intermediate_files/asos_public/predictions/boltz_results_3K5V_ORTHOSTERIC_STI_config_0/predictions/3K5V_ORTHOSTERIC_STI_config_0/confidence_3K5V_ORTHOSTERIC_STI_config_0_model_2.json
0.9634418487548828,0.9484850168228149,0.9848360419273376,0.9848360419273376,0.0,0.9580932855606079,0.9729663133621216,0.4004592299461365,0.4271804690361023,0.9446271657943726,0.9641188383102417,0.9446271657943726,0.7962672710418701,0.9848360419273376,0.9641188383102417,3K5V,orthosteric,STI,1,hackathon_data/intermediate_files/asos_public/predictions/boltz_results_3K5V_ORTHOSTERIC_STI_config_0/predictions/3K5V_ORTHOSTERIC_STI_config_0/confidence_3K5V_ORTHOSTERIC_STI_config_0_model_1.json
0.9638028144836426,0.9556908011436462,0.9856057167053223,0.9856057167053223,0.0,0.9583520889282227,0.9723957180976868,0.3832404315471649,0.4187443256378174,0.9525452852249146,0.9646864533424377,0.9525452852249146,0.8027412295341492,0.9856057167053223,0.9646864533424377,3K5V,orthosteric,STI,0,hackathon_data/intermediate_files/asos_public/predictions/boltz_results_3K5V_ORTHOSTERIC_STI_config_0/predictions/3K5V_ORTHOSTERIC_STI_config_0/confidence_3K5V_ORTHOSTERIC_STI_config_0_model_0.json
0.8462401628494263,0.940264105796814,0.8685145974159241,0.8685145974159241,0.0,0.8406714797019958,0.7145622372627258,0.6280481815338135,2.4721896648406982,0.9472048282623291,0.8450322151184082,0.9472048282623291,0.4552154242992401,0.8685145974159241,0.8450322151184082,3O2M,allosteric,46A,4,hackathon_data/intermediate_files/asos_public/predictions/boltz_results_3O2M_ALLOSTERIC_46A_config_0/predictions/3O2M_ALLOSTERIC_46A_config_0/confidence_3O2M_ALLOSTERIC_46A_config_0_model_4.json
0.8516554236412048,0.9424199461936951,0.8845030665397644,0.8845030665397644,0.0,0.8434435129165649,0.7163280248641968,0.5857988595962524,2.15908145904541,0.947958767414093,0.8328673243522644,0.947958767414093,0.46764370799064636,0.8845030665397644,0.8328673243522644,3O2M,allosteric,46A,3,hackathon_data/intermediate_files/asos_public/predictions/boltz_results_3O2M_ALLOSTERIC_46A_config_0/predictions/3O2M_ALLOSTERIC_46A_config_0/confidence_3O2M_ALLOSTERIC_46A_config_0_model_3.json
0.8556309938430786,0.9535129070281982,0.9289895296096802,0.9289895296096802,0.0,0.8372913002967834,0.6866216063499451,0.4723535180091858,1.3856555223464966,0.9558988809585571,0.8676679730415344,0.9558988809585571,0.5258423089981079,0.9289895296096802,0.8676679730415344,3O2M,allosteric,46A,1,hackathon_data/intermediate_files/asos_public/predictions/boltz_results_3O2M_ALLOSTERIC_46A_config_0/predictions/3O2M_ALLOSTERIC_46A_config_0/confidence_3O2M_ALLOSTERIC_46A_config_0_model_1.json
0.8565748333930969,0.9434547424316406,0.8963235020637512,0.8963235020637512,0.0,0.8466376066207886,0.7287461757659912,0.5649117827415466,1.9820388555526733,0.9482858777046204,0.846788763999939,0.9482858777046204,0.47822290658950806,0.8963235020637512,0.846788763999939,3O2M,allosteric,46A,0,hackathon_data/intermediate_files/asos_public/predictions/boltz_results_3O2M_ALLOSTERIC_46A_config_0/predictions/3O2M_ALLOSTERIC_46A_config_0/confidence_3O2M_ALLOSTERIC_46A_config_0_model_0.json
0.8529724478721619,0.9450883269309998,0.8844137191772461,0.8844137191772461,0.0,0.8451120853424072,0.7031771540641785,0.5663866996765137,2.1445155143737793,0.9508312940597534,0.8364500403404236,0.9508312940597534,0.46476876735687256,0.8844137191772461,0.8364500403404236,3O2M,allosteric,46A,2,hackathon_data/intermediate_files/asos_public/predictions/boltz_results_3O2M_ALLOSTERIC_46A_config_0/predictions/3O2M_ALLOSTERIC_46A_config_0/confidence_3O2M_ALLOSTERIC_46A_config_0_model_2.json
0.8942309617996216,0.9580341577529907,0.8199329972267151,0.8199329972267151,0.0,0.9128053784370422,0.7281864881515503,0.7116184234619141,2.7834885120391846,0.9768465757369995,0.818860650062561,0.9768465757369995,0.3586602210998535,0.8199329972267151,0.818860650062561,2YLO,allosteric,YLO,1,hackathon_data/intermediate_files/asos_public/predictions/boltz_results_2YLO_ALLOSTERIC_YLO_config_0/predictions/2YLO_ALLOSTERIC_YLO_config_0/confidence_2YLO_ALLOSTERIC_YLO_config_0_model_1.json
0.8932315707206726,0.9592607617378235,0.8181922435760498,0.8181922435760498,0.0,0.9119913578033447,0.7200623154640198,0.7400457859039307,2.9813625812530518,0.9789912104606628,0.8419578671455383,0.9789912104606628,0.3947933316230774,0.8181922435760498,0.8419578671455383,2YLO,allosteric,YLO,2,hackathon_data/intermediate_files/asos_public/predictions/boltz_results_2YLO_ALLOSTERIC_YLO_config_0/predictions/2YLO_ALLOSTERIC_YLO_config_0/confidence_2YLO_ALLOSTERIC_YLO_config_0_model_2.json
0.8963291049003601,0.9616770148277283,0.8278617858886719,0.8278617858886719,0.0,0.9134459495544434,0.7382591366767883,0.7331936359405518,2.9994914531707764,0.9798036813735962,0.8585894107818604,0.9798036813735962,0.40473270416259766,0.8278617858886719,0.8585894107818604,2YLO,allosteric,YLO,0,hackathon_data/intermediate_files/asos_public/predictions/boltz_results_2YLO_ALLOSTERIC_YLO_config_0/predictions/2YLO_ALLOSTERIC_YLO_config_0/confidence_2YLO_ALLOSTERIC_YLO_config_0_model_0.json
0.8918013572692871,0.960317075252533,0.8116970658302307,0.8116970658302307,0.0,0.9118274450302124,0.7209647297859192,0.7285605669021606,2.982395887374878,0.9796172976493835,0.8199745416641235,0.9796172976493835,0.3618231415748596,0.8116970658302307,0.8199745416641235,2YLO,allosteric,YLO,3,hackathon_data/intermediate_files/asos_public/predictions/boltz_results_2YLO_ALLOSTERIC_YLO_config_0/predictions/2YLO_ALLOSTERIC_YLO_config_0/confidence_2YLO_ALLOSTERIC_YLO_config_0_model_3.json
0.8601598739624023,0.9451149106025696,0.6990079879760742,0.6990079879760742,0.0,0.9004479050636292,0.6695939302444458,1.0821927785873413,5.045303821563721,0.9779113531112671,0.763427734375,0.9779113531112671,0.24188324809074402,0.6990079879760742,0.763427734375,2YLO,allosteric,YLO,4,hackathon_data/intermediate_files/asos_public/predictions/boltz_results_2YLO_ALLOSTERIC_YLO_config_0/predictions/2YLO_ALLOSTERIC_YLO_config_0/confidence_2YLO_ALLOSTERIC_YLO_config_0_model_4.json
0.88470059633255,0.9384141564369202,0.9646032452583313,0.9646032452583313,0.0,0.8647249341011047,0.8692632913589478,0.4786076843738556,0.8058527708053589,0.9359641075134277,0.9347741007804871,0.9359641075134277,0.798453688621521,0.9646032452583313,0.9347741007804871,4EJN,allosteric,0R4,1,hackathon_data/intermediate_files/asos_public/predictions/boltz_results_4EJN_ALLOSTERIC_0R4_config_0/predictions/4EJN_ALLOSTERIC_0R4_config_0/confidence_4EJN_ALLOSTERIC_0R4_config_0_model_1.json
0.8834571242332458,0.9390091300010681,0.962448239326477,0.962448239326477,0.0,0.8637092709541321,0.8606886267662048,0.48227158188819885,0.818452000617981,0.9367818236351013,0.9306318163871765,0.9367818236351013,0.7986548542976379,0.962448239326477,0.9306318163871765,4EJN,allosteric,0R4,2,hackathon_data/intermediate_files/asos_public/predictions/boltz_results_4EJN_ALLOSTERIC_0R4_config_0/predictions/4EJN_ALLOSTERIC_0R4_config_0/confidence_4EJN_ALLOSTERIC_0R4_config_0_model_2.json
0.8685678839683533,0.9373500943183899,0.9552581310272217,0.9552581310272217,0.0,0.8468952178955078,0.8411749601364136,0.5055026412010193,0.8789904713630676,0.935699999332428,0.9253122210502625,0.935699999332428,0.7827638387680054,0.9552581310272217,0.9253122210502625,4EJN,allosteric,0R4,4,hackathon_data/intermediate_files/asos_public/predictions/boltz_results_4EJN_ALLOSTERIC_0R4_config_0/predictions/4EJN_ALLOSTERIC_0R4_config_0/confidence_4EJN_ALLOSTERIC_0R4_config_0_model_4.json
0.8780214190483093,0.9292822480201721,0.9446855783462524,0.9446855783462524,0.0,0.8613553643226624,0.8612542748451233,0.5395121574401855,1.0284494161605835,0.9279766082763672,0.9207500219345093,0.9279766082763672,0.7706426978111267,0.9446855783462524,0.9207500219345093,4EJN,allosteric,0R4,3,hackathon_data/intermediate_files/asos_public/predictions/boltz_results_4EJN_ALLOSTERIC_0R4_config_0/predictions/4EJN_ALLOSTERIC_0R4_config_0/confidence_4EJN_ALLOSTERIC_0R4_config_0_model_3.json
0.8890151977539062,0.9479835629463196,0.9638442993164062,0.9638442993164062,0.0,0.8703079223632812,0.8658215999603271,0.4566735327243805,0.7762491703033447,0.9466147422790527,0.9326279163360596,0.9466147422790527,0.8079968094825745,0.9638442993164062,0.9326279163360596,4EJN,allosteric,0R4,0,hackathon_data/intermediate_files/asos_public/predictions/boltz_results_4EJN_ALLOSTERIC_0R4_config_0/predictions/4EJN_ALLOSTERIC_0R4_config_0/confidence_4EJN_ALLOSTERIC_0R4_config_0_model_0.json
0.9532850384712219,0.9648181200027466,0.9657207727432251,0.9657207727432251,0.0,0.9501761198043823,0.9301421046257019,0.38524580001831055,0.6972606182098389,0.965401828289032,0.8577468395233154,0.965401828289032,0.6130210161209106,0.9657207727432251,0.8577468395233154,3K5V,allosteric,STJ,2,hackathon_data/intermediate_files/asos_public/predictions/boltz_results_3K5V_ALLOSTERIC_STJ_config_0/predictions/3K5V_ALLOSTERIC_STJ_config_0/confidence_3K5V_ALLOSTERIC_STJ_config_0_model_2.json
0.9528993964195251,0.9631178975105286,0.9614757299423218,0.9614757299423218,0.0,0.9507552981376648,0.929961621761322,0.3976234197616577,0.7536498308181763,0.964055061340332,0.8613635897636414,0.964055061340332,0.6059423685073853,0.9614757299423218,0.8613635897636414,3K5V,allosteric,STJ,3,hackathon_data/intermediate_files/asos_public/predictions/boltz_results_3K5V_ALLOSTERIC_STJ_config_0/predictions/3K5V_ALLOSTERIC_STJ_config_0/confidence_3K5V_ALLOSTERIC_STJ_config_0_model_3.json
0.9525091052055359,0.9599391222000122,0.9597063064575195,0.9597063064575195,0.0,0.9507098197937012,0.9279404878616333,0.4086603820323944,0.7802412509918213,0.9608754515647888,0.8653180003166199,0.9608754515647888,0.5955683588981628,0.9597063064575195,0.8653180003166199,3K5V,allosteric,STJ,4,hackathon_data/intermediate_files/asos_public/predictions/boltz_results_3K5V_ALLOSTERIC_STJ_config_0/predictions/3K5V_ALLOSTERIC_STJ_config_0/confidence_3K5V_ALLOSTERIC_STJ_config_0_model_4.json
0.9546663165092468,0.9653069376945496,0.9624510407447815,0.9624510407447815,0.0,0.9527201652526855,0.9335871338844299,0.38124337792396545,0.6917455792427063,0.9662899374961853,0.8568174242973328,0.9662899374961853,0.617881178855896,0.9624510407447815,0.8568174242973328,3K5V,allosteric,STJ,1,hackathon_data/intermediate_files/asos_public/predictions/boltz_results_3K5V_ALLOSTERIC_STJ_config_0/predictions/3K5V_ALLOSTERIC_STJ_config_0/confidence_3K5V_ALLOSTERIC_STJ_config_0_model_1.json
0.954779326915741,0.9600436091423035,0.9601238965988159,0.9601238965988159,0.0,0.9534432291984558,0.9365890622138977,0.40043777227401733,0.7281250953674316,0.9608252048492432,0.8570420742034912,0.9608252048492432,0.6071304082870483,0.9601238965988159,0.8570420742034912,3K5V,allosteric,STJ,0,hackathon_data/intermediate_files/asos_public/predictions/boltz_results_3K5V_ALLOSTERIC_STJ_config_0/predictions/3K5V_ALLOSTERIC_STJ_config_0/confidence_3K5V_ALLOSTERIC_STJ_config_0_model_0.json
0.9602057337760925,0.9807825088500977,0.9667807221412659,0.9667807221412659,0.0,0.9585620164871216,0.8796616792678833,0.3342604637145996,0.5935059189796448,0.983956515789032,0.9374626874923706,0.983956515789032,0.7328786849975586,0.9667807221412659,0.9374626874923706,6FVF,allosteric,503,4,hackathon_data/intermediate_files/asos_public/predictions/boltz_results_6FVF_ALLOSTERIC_503_config_0/predictions/6FVF_ALLOSTERIC_503_config_0/confidence_6FVF_ALLOSTERIC_503_config_0_model_4.json
0.9685665369033813,0.9825331568717957,0.9712442755699158,0.9712442755699158,0.0,0.9678971171379089,0.9206386208534241,0.32297348976135254,0.5409420728683472,0.9852030873298645,0.9425760507583618,0.9852030873298645,0.7453715801239014,0.9712442755699158,0.9425760507583618,6FVF,allosteric,503,2,hackathon_data/intermediate_files/asos_public/predictions/boltz_results_6FVF_ALLOSTERIC_503_config_0/predictions/6FVF_ALLOSTERIC_503_config_0/confidence_6FVF_ALLOSTERIC_503_config_0_model_2.json
0.9611377120018005,0.9812902808189392,0.9652384519577026,0.9652384519577026,0.0,0.9601125121116638,0.8927973508834839,0.3335714638233185,0.6044517159461975,0.9847803711891174,0.935607373714447,0.9847803711891174,0.7216513752937317,0.9652384519577026,0.935607373714447,6FVF,allosteric,503,3,hackathon_data/intermediate_files/asos_public/predictions/boltz_results_6FVF_ALLOSTERIC_503_config_0/predictions/6FVF_ALLOSTERIC_503_config_0/confidence_6FVF_ALLOSTERIC_503_config_0_model_3.json
0.9688337445259094,0.9824933409690857,0.9745080471038818,0.9745080471038818,0.0,0.9674151539802551,0.9177330136299133,0.3203814923763275,0.5292577743530273,0.9848485589027405,0.9461033940315247,0.9848485589027405,0.7465245127677917,0.9745080471038818,0.9461033940315247,6FVF,allosteric,503,1,hackathon_data/intermediate_files/asos_public/predictions/boltz_results_6FVF_ALLOSTERIC_503_config_0/predictions/6FVF_ALLOSTERIC_503_config_0/confidence_6FVF_ALLOSTERIC_503_config_0_model_1.json
0.969029426574707,0.9828658699989319,0.9759951233863831,0.9759951233863831,0.0,0.9672879576683044,0.915699303150177,0.315689355134964,0.5119224190711975,0.98519366979599,0.9469624757766724,0.98519366979599,0.7461966276168823,0.9759951233863831,0.9469624757766724,6FVF,allosteric,503,0,hackathon_data/intermediate_files/asos_public/predictions/boltz_results_6FVF_ALLOSTERIC_503_config_0/predictions/6FVF_ALLOSTERIC_503_config_0/confidence_6FVF_ALLOSTERIC_503_config_0_model_0.json
0.941137969493866,0.9704380631446838,0.8562628626823425,0.8562628626823425,0.0,0.9623568058013916,0.8827890157699585,0.4357375204563141,1.897326111793518,0.9822050929069519,0.8327038884162903,0.9822050929069519,0.37815144658088684,0.8562628626823425,0.8327038884162903,1PZP,allosteric,FTA,3,hackathon_data/intermediate_files/asos_public/predictions/boltz_results_1PZP_ALLOSTERIC_FTA_config_0/predictions/1PZP_ALLOSTERIC_FTA_config_0/confidence_1PZP_ALLOSTERIC_FTA_config_0_model_3.json
0.9307810068130493,0.966543972492218,0.8162859678268433,0.8162859678268433,0.0,0.959404706954956,0.8668030500411987,0.4799250364303589,2.3009254932403564,0.9815369844436646,0.7882955074310303,0.9815369844436646,0.3239419460296631,0.8162859678268433,0.7882955074310303,1PZP,allosteric,FTA,4,hackathon_data/intermediate_files/asos_public/predictions/boltz_results_1PZP_ALLOSTERIC_FTA_config_0/predictions/1PZP_ALLOSTERIC_FTA_config_0/confidence_1PZP_ALLOSTERIC_FTA_config_0_model_4.json
0.9434316754341125,0.9721429944038391,0.8731853365898132,0.8731853365898132,0.0,0.9609932899475098,0.8722662925720215,0.4076000154018402,1.5850504636764526,0.9822828769683838,0.8503825068473816,0.9822828769683838,0.3886382579803467,0.8731853365898132,0.8503825068473816,1PZP,allosteric,FTA,2,hackathon_data/intermediate_files/asos_public/predictions/boltz_results_1PZP_ALLOSTERIC_FTA_config_0/predictions/1PZP_ALLOSTERIC_FTA_config_0/confidence_1PZP_ALLOSTERIC_FTA_config_0_model_2.json
0.9519993662834167,0.9737949967384338,0.9024987816810608,0.9024987816810608,0.0,0.9643745422363281,0.9006718993186951,0.38825955986976624,1.405195951461792,0.9819997549057007,0.8506867289543152,0.9819997549057007,0.4105249047279358,0.9024987816810608,0.8506867289543152,1PZP,allosteric,FTA,1,hackathon_data/intermediate_files/asos_public/predictions/boltz_results_1PZP_ALLOSTERIC_FTA_config_0/predictions/1PZP_ALLOSTERIC_FTA_config_0/confidence_1PZP_ALLOSTERIC_FTA_config_0_model_1.json
0.9578279852867126,0.9755607843399048,0.9160201549530029,0.9160201549530029,0.0,0.9682799577713013,0.9143640995025635,0.3568376898765564,1.0331394672393799,0.9820983409881592,0.8498643636703491,0.9820983409881592,0.38817542791366577,0.9160201549530029,0.8498643636703491,1PZP,allosteric,FTA,0,hackathon_data/intermediate_files/asos_public/predictions/boltz_results_1PZP_ALLOSTERIC_FTA_config_0/predictions/1PZP_ALLOSTERIC_FTA_config_0/confidence_1PZP_ALLOSTERIC_FTA_config_0_model_0.json
0.9829288721084595,0.986031711101532,0.996086835861206,0.996086835861206,0.0,0.9796392917633057,0.9860985279083252,0.2695833444595337,0.2709662914276123,0.9853250980377197,0.9001373648643494,0.9853250980377197,0.745101809501648,0.996086835861206,0.9001373648643494,2PIO,orthosteric,DHT,1,hackathon_data/intermediate_files/asos_public/predictions/boltz_results_2PIO_ORTHOSTERIC_DHT_config_0/predictions/2PIO_ORTHOSTERIC_DHT_config_0/confidence_2PIO_ORTHOSTERIC_DHT_config_0_model_1.json
0.9825329780578613,0.9839441776275635,0.9956137537956238,0.9956137537956238,0.0,0.9792628288269043,0.9860242605209351,0.27338314056396484,0.2752581536769867,0.9831292033195496,0.8938384056091309,0.9831292033195496,0.7288177013397217,0.9956137537956238,0.8938384056091309,2PIO,orthosteric,DHT,3,hackathon_data/intermediate_files/asos_public/predictions/boltz_results_2PIO_ORTHOSTERIC_DHT_config_0/predictions/2PIO_ORTHOSTERIC_DHT_config_0/confidence_2PIO_ORTHOSTERIC_DHT_config_0_model_3.json
0.9826189875602722,0.9858170747756958,0.995958149433136,0.995958149433136,0.0,0.9792841672897339,0.9860277771949768,0.26905563473701477,0.2706940770149231,0.9851132035255432,0.9036347270011902,0.9851132035255432,0.7472713589668274,0.995958149433136,0.9036347270011902,2PIO,orthosteric,DHT,2,hackathon_data/intermediate_files/asos_public/predictions/boltz_results_2PIO_ORTHOSTERIC_DHT_config_0/predictions/2PIO_ORTHOSTERIC_DHT_config_0/confidence_2PIO_ORTHOSTERIC_DHT_config_0_model_2.json
0.982498824596405,0.9839787483215332,0.9955447912216187,0.9955447912216187,0.0,0.9792373776435852,0.9860317707061768,0.2739675045013428,0.274964302778244,0.9831576943397522,0.8970710635185242,0.9831576943397522,0.7342822551727295,0.9955447912216187,0.8970710635185242,2PIO,orthosteric,DHT,4,hackathon_data/intermediate_files/asos_public/predictions/boltz_results_2PIO_ORTHOSTERIC_DHT_config_0/predictions/2PIO_ORTHOSTERIC_DHT_config_0/confidence_2PIO_ORTHOSTERIC_DHT_config_0_model_4.json
0.9829877018928528,0.9870811700820923,0.996320903301239,0.996320903301239,0.0,0.9796544313430786,0.9861904978752136,0.2666391134262085,0.26812228560447693,0.9864334464073181,0.9041423201560974,0.9864334464073181,0.7545492649078369,0.996320903301239,0.9041423201560974,2PIO,orthosteric,DHT,0,hackathon_data/intermediate_files/asos_public/predictions/boltz_results_2PIO_ORTHOSTERIC_DHT_config_0/predictions/2PIO_ORTHOSTERIC_DHT_config_0/confidence_2PIO_ORTHOSTERIC_DHT_config_0_model_0.json
0.9058112502098083,0.9480787515640259,0.9895719885826111,0.9895719885826111,0.0,0.8848710656166077,0.9323354959487915,0.36896437406539917,0.37176382541656494,0.9450536966323853,0.9722047448158264,0.9450536966323853,0.776084303855896,0.9895719885826111,0.9722047448158264,2GM1,allosteric,2AZ,1,hackathon_data/intermediate_files/asos_public/predictions/boltz_results_2GM1_ALLOSTERIC_2AZ_config_0/predictions/2GM1_ALLOSTERIC_2AZ_config_0/confidence_2GM1_ALLOSTERIC_2AZ_config_0_model_1.json
0.9004321098327637,0.959195077419281,0.9906981587409973,0.9906981587409973,0.0,0.8778656125068665,0.9296191930770874,0.34801435470581055,0.35620346665382385,0.9566106200218201,0.9735663533210754,0.9566106200218201,0.7929090261459351,0.9906981587409973,0.9735663533210754,2GM1,allosteric,2AZ,2,hackathon_data/intermediate_files/asos_public/predictions/boltz_results_2GM1_ALLOSTERIC_2AZ_config_0/predictions/2GM1_ALLOSTERIC_2AZ_config_0/confidence_2GM1_ALLOSTERIC_2AZ_config_0_model_2.json
0.9080939292907715,0.9585160613059998,0.9915417432785034,0.9915417432785034,0.0,0.8872319459915161,0.935538649559021,0.33551207184791565,0.3466801643371582,0.95624840259552,0.9750781655311584,0.95624840259552,0.8001848459243774,0.9915417432785034,0.9750781655311584,2GM1,allosteric,2AZ,0,hackathon_data/intermediate_files/asos_public/predictions/boltz_results_2GM1_ALLOSTERIC_2AZ_config_0/predictions/2GM1_ALLOSTERIC_2AZ_config_0/confidence_2GM1_ALLOSTERIC_2AZ_config_0_model_0.json
0.9000811576843262,0.9695881009101868,0.9919591546058655,0.9919591546058655,0.0,0.8771116733551025,0.9300088882446289,0.3219398558139801,0.33798304200172424,0.9683285355567932,0.9765282869338989,0.9683285355567932,0.842978298664093,0.9919591546058655,0.9765282869338989,2GM1,allosteric,2AZ,4,hackathon_data/intermediate_files/asos_public/predictions/boltz_results_2GM1_ALLOSTERIC_2AZ_config_0/predictions/2GM1_ALLOSTERIC_2AZ_config_0/confidence_2GM1_ALLOSTERIC_2AZ_config_0_model_4.json
0.9001135230064392,0.9628951549530029,0.9910404682159424,0.9910404682159424,0.0,0.8773818016052246,0.9290528893470764,0.34071817994117737,0.3565085530281067,0.9611778259277344,0.9728068113327026,0.9611778259277344,0.789594829082489,0.9910404682159424,0.9728068113327026,2GM1,allosteric,2AZ,3,hackathon_data/intermediate_files/asos_public/predictions/boltz_results_2GM1_ALLOSTERIC_2AZ_config_0/predictions/2GM1_ALLOSTERIC_2AZ_config_0/confidence_2GM1_ALLOSTERIC_2AZ_config_0_model_3.json
0.9107484817504883,0.9494014382362366,0.9674416184425354,0.9674416184425354,0.0,0.8965752124786377,0.9277611970901489,0.44172438979148865,0.6835535764694214,0.9485597014427185,0.9663187265396118,0.9485597014427185,0.6686965823173523,0.9674416184425354,0.9663187265396118,5MO4,allosteric,AY7,4,hackathon_data/intermediate_files/asos_public/predictions/boltz_results_5MO4_ALLOSTERIC_AY7_config_0/predictions/5MO4_ALLOSTERIC_AY7_config_0/confidence_5MO4_ALLOSTERIC_AY7_config_0_model_4.json
0.926219642162323,0.944745659828186,0.9716245532035828,0.9716245532035828,0.0,0.9148684740066528,0.9425595998764038,0.47342538833618164,0.6303753852844238,0.9433903694152832,0.9719412922859192,0.9433903694152832,0.6951133608818054,0.9716245532035828,0.9719412922859192,5MO4,allosteric,AY7,2,hackathon_data/intermediate_files/asos_public/predictions/boltz_results_5MO4_ALLOSTERIC_AY7_config_0/predictions/5MO4_ALLOSTERIC_AY7_config_0/confidence_5MO4_ALLOSTERIC_AY7_config_0_model_2.json
0.9244765639305115,0.9460656046867371,0.9732854962348938,0.9732854962348938,0.0,0.9122743010520935,0.940940797328949,0.44949719309806824,0.616233766078949,0.9446820616722107,0.9713528156280518,0.9446820616722107,0.6852269768714905,0.9732854962348938,0.9713528156280518,5MO4,allosteric,AY7,3,hackathon_data/intermediate_files/asos_public/predictions/boltz_results_5MO4_ALLOSTERIC_AY7_config_0/predictions/5MO4_ALLOSTERIC_AY7_config_0/confidence_5MO4_ALLOSTERIC_AY7_config_0_model_3.json
0.9291936755180359,0.9518722891807556,0.9672021865844727,0.9672021865844727,0.0,0.9196916222572327,0.939355731010437,0.4348802864551544,0.6972708106040955,0.951177716255188,0.9670822620391846,0.951177716255188,0.6751583814620972,0.9672021865844727,0.9670822620391846,5MO4,allosteric,AY7,0,hackathon_data/intermediate_files/asos_public/predictions/boltz_results_5MO4_ALLOSTERIC_AY7_config_0/predictions/5MO4_ALLOSTERIC_AY7_config_0/confidence_5MO4_ALLOSTERIC_AY7_config_0_model_0.json
0.9269633293151855,0.9375423789024353,0.9653300046920776,0.9653300046920776,0.0,0.9173716306686401,0.9376983046531677,0.5000085234642029,0.7095984816551208,0.9361729025840759,0.9657257795333862,0.9361729025840759,0.6536469459533691,0.9653300046920776,0.9657257795333862,5MO4,allosteric,AY7,1,hackathon_data/intermediate_files/asos_public/predictions/boltz_results_5MO4_ALLOSTERIC_AY7_config_0/predictions/5MO4_ALLOSTERIC_AY7_config_0/confidence_5MO4_ALLOSTERIC_AY7_config_0_model_1.json
0.9525675177574158,0.9771695137023926,0.9832131862640381,0.9832131862640381,0.0,0.9449061155319214,0.9216015934944153,0.31871891021728516,0.4579525589942932,0.9777502417564392,0.9484472274780273,0.9777502417564392,0.856425404548645,0.9832131862640381,0.9484472274780273,3PE2,orthosteric,E1B,4,hackathon_data/intermediate_files/asos_public/predictions/boltz_results_3PE2_ORTHOSTERIC_E1B_config_0/predictions/3PE2_ORTHOSTERIC_E1B_config_0/confidence_3PE2_ORTHOSTERIC_E1B_config_0_model_4.json
0.9554346203804016,0.9803505539894104,0.9856740832328796,0.9856740832328796,0.0,0.9478747844696045,0.9331612586975098,0.296309232711792,0.3866778016090393,0.9809021353721619,0.9518749713897705,0.9809021353721619,0.8764604330062866,0.9856740832328796,0.9518749713897705,3PE2,orthosteric,E1B,0,hackathon_data/intermediate_files/asos_public/predictions/boltz_results_3PE2_ORTHOSTERIC_E1B_config_0/predictions/3PE2_ORTHOSTERIC_E1B_config_0/confidence_3PE2_ORTHOSTERIC_E1B_config_0_model_0.json
0.9547485709190369,0.9782024025917053,0.990446925163269,0.990446925163269,0.0,0.9458239674568176,0.9358170032501221,0.3081875145435333,0.40166541934013367,0.9782785773277283,0.9536988139152527,0.9782785773277283,0.8676801323890686,0.990446925163269,0.9536988139152527,3PE2,orthosteric,E1B,1,hackathon_data/intermediate_files/asos_public/predictions/boltz_results_3PE2_ORTHOSTERIC_E1B_config_0/predictions/3PE2_ORTHOSTERIC_E1B_config_0/confidence_3PE2_ORTHOSTERIC_E1B_config_0_model_1.json
0.953957736492157,0.9784972071647644,0.9849063754081726,0.9849063754081726,0.0,0.9462206363677979,0.9285244941711426,0.3133646547794342,0.43619197607040405,0.979004442691803,0.9487587809562683,0.979004442691803,0.8543477654457092,0.9849063754081726,0.9487587809562683,3PE2,orthosteric,E1B,3,hackathon_data/intermediate_files/asos_public/predictions/boltz_results_3PE2_ORTHOSTERIC_E1B_config_0/predictions/3PE2_ORTHOSTERIC_E1B_config_0/confidence_3PE2_ORTHOSTERIC_E1B_config_0_model_3.json
0.9540519714355469,0.9775642156600952,0.9844192862510681,0.9844192862510681,0.0,0.9464601278305054,0.9311168193817139,0.3139484226703644,0.4401382505893707,0.9780744314193726,0.9491793513298035,0.9780744314193726,0.8581640720367432,0.9844192862510681,0.9491793513298035,3PE2,orthosteric,E1B,2,hackathon_data/intermediate_files/asos_public/predictions/boltz_results_3PE2_ORTHOSTERIC_E1B_config_0/predictions/3PE2_ORTHOSTERIC_E1B_config_0/confidence_3PE2_ORTHOSTERIC_E1B_config_0_model_2.json
0.9693212509155273,0.9622459411621094,0.9902776479721069,0.9902776479721069,0.0,0.9640821218490601,0.9589288234710693,0.3300223648548126,0.49359753727912903,0.9609635472297668,0.9866307973861694,0.9609635472297668,0.8148427605628967,0.9902776479721069,0.9866307973861694,1V4S,allosteric,MRK,0,hackathon_data/intermediate_files/asos_public/predictions/boltz_results_1V4S_ALLOSTERIC_MRK_config_0/predictions/1V4S_ALLOSTERIC_MRK_config_0/confidence_1V4S_ALLOSTERIC_MRK_config_0_model_0.json
0.9675691723823547,0.9607906937599182,0.9902089834213257,0.9902089834213257,0.0,0.9619092345237732,0.9562995433807373,0.3334748148918152,0.5156041979789734,0.9594292044639587,0.9856991767883301,0.9594292044639587,0.8077738881111145,0.9902089834213257,0.9856991767883301,1V4S,allosteric,MRK,2,hackathon_data/intermediate_files/asos_public/predictions/boltz_results_1V4S_ALLOSTERIC_MRK_config_0/predictions/1V4S_ALLOSTERIC_MRK_config_0/confidence_1V4S_ALLOSTERIC_MRK_config_0_model_2.json
0.9691541790962219,0.969010055065155,0.992082417011261,0.992082417011261,0.0,0.9634220600128174,0.9585756063461304,0.3115359842777252,0.4409804344177246,0.9679617285728455,0.9881066083908081,0.9679617285728455,0.8369258642196655,0.992082417011261,0.9881066083908081,1V4S,allosteric,MRK,1,hackathon_data/intermediate_files/asos_public/predictions/boltz_results_1V4S_ALLOSTERIC_MRK_config_0/predictions/1V4S_ALLOSTERIC_MRK_config_0/confidence_1V4S_ALLOSTERIC_MRK_config_0_model_1.json
0.9672590494155884,0.9563274383544922,0.9885300993919373,0.9885300993919373,0.0,0.9619412422180176,0.9570475816726685,0.3440141975879669,0.529041588306427,0.9548583030700684,0.9840754866600037,0.9548583030700684,0.7917996644973755,0.9885300993919373,0.9840754866600037,1V4S,allosteric,MRK,3,hackathon_data/intermediate_files/asos_public/predictions/boltz_results_1V4S_ALLOSTERIC_MRK_config_0/predictions/1V4S_ALLOSTERIC_MRK_config_0/confidence_1V4S_ALLOSTERIC_MRK_config_0_model_3.json
0.9671195149421692,0.9565141201019287,0.9893201589584351,0.9893201589584351,0.0,0.9615693688392639,0.9565820693969727,0.3426992893218994,0.5287522673606873,0.9549941420555115,0.9845601916313171,0.9549941420555115,0.7945391535758972,0.9893201589584351,0.9845601916313171,1V4S,allosteric,MRK,4,hackathon_data/intermediate_files/asos_public/predictions/boltz_results_1V4S_ALLOSTERIC_MRK_config_0/predictions/1V4S_ALLOSTERIC_MRK_config_0/confidence_1V4S_ALLOSTERIC_MRK_config_0_model_4.json
0.8930407762527466,0.9672189354896545,0.7542877197265625,0.7542877197265625,0.0,0.9277290105819702,0.6509191393852234,0.8563450574874878,4.529635429382324,0.9863720536231995,0.9334111213684082,0.9863720536231995,0.4234820604324341,0.7542877197265625,0.9334111213684082,2YHD,allosteric,AV6,2,hackathon_data/intermediate_files/asos_public/predictions/boltz_results_2YHD_ALLOSTERIC_AV6_config_0/predictions/2YHD_ALLOSTERIC_AV6_config_0/confidence_2YHD_ALLOSTERIC_AV6_config_0_model_2.json
0.8794991374015808,0.9629772901535034,0.7248329520225525,0.7248329520225525,0.0,0.9181657433509827,0.6123618483543396,0.9441818594932556,5.132460594177246,0.9835307598114014,0.924034059047699,0.9835307598114014,0.3748883306980133,0.7248329520225525,0.924034059047699,2YHD,allosteric,AV6,4,hackathon_data/intermediate_files/asos_public/predictions/boltz_results_2YHD_ALLOSTERIC_AV6_config_0/predictions/2YHD_ALLOSTERIC_AV6_config_0/confidence_2YHD_ALLOSTERIC_AV6_config_0_model_4.json
0.9720973372459412,0.9849979877471924,0.9753152132034302,0.9753152132034302,0.0,0.9712927937507629,0.9527115225791931,0.28904345631599426,0.4328498840332031,0.985912561416626,0.943596363067627,0.985912561416626,0.7678921222686768,0.9753152132034302,0.943596363067627,2YHD,allosteric,AV6,1,hackathon_data/intermediate_files/asos_public/predictions/boltz_results_2YHD_ALLOSTERIC_AV6_config_0/predictions/2YHD_ALLOSTERIC_AV6_config_0/confidence_2YHD_ALLOSTERIC_AV6_config_0_model_1.json
0.8807403445243835,0.965373158454895,0.7195978164672852,0.7195978164672852,0.0,0.9210259318351746,0.6199824810028076,0.9446116089820862,5.156388759613037,0.9862607717514038,0.9303486347198486,0.9862607717514038,0.3914634883403778,0.7195978164672852,0.9303486347198486,2YHD,allosteric,AV6,3,hackathon_data/intermediate_files/asos_public/predictions/boltz_results_2YHD_ALLOSTERIC_AV6_config_0/predictions/2YHD_ALLOSTERIC_AV6_config_0/confidence_2YHD_ALLOSTERIC_AV6_config_0_model_3.json
0.9721466302871704,0.9845411777496338,0.9747434258460999,0.9747434258460999,0.0,0.9714973568916321,0.9515093564987183,0.29029420018196106,0.43789106607437134,0.9854509830474854,0.9439764022827148,0.9854509830474854,0.7657284140586853,0.9747434258460999,0.9439764022827148,2YHD,allosteric,AV6,0,hackathon_data/intermediate_files/asos_public/predictions/boltz_results_2YHD_ALLOSTERIC_AV6_config_0/predictions/2YHD_ALLOSTERIC_AV6_config_0/confidence_2YHD_ALLOSTERIC_AV6_config_0_model_0.json
0.9563913345336914,0.970703125,0.983151376247406,0.983151376247406,0.0,0.9497013688087463,0.9559748768806458,0.3205668330192566,0.3925769329071045,0.9706040620803833,0.9382852911949158,0.9706040620803833,0.8126894235610962,0.983151376247406,0.9382852911949158,3BZ3,orthosteric,YAM,0,hackathon_data/intermediate_files/asos_public/predictions/boltz_results_3BZ3_ORTHOSTERIC_YAM_config_0/predictions/3BZ3_ORTHOSTERIC_YAM_config_0/confidence_3BZ3_ORTHOSTERIC_YAM_config_0_model_0.json
0.9539769291877747,0.9603805541992188,0.9789770841598511,0.9789770841598511,0.0,0.947726845741272,0.9545716047286987,0.36129969358444214,0.4559721052646637,0.9593227505683899,0.9300448894500732,0.9593227505683899,0.8046349287033081,0.9789770841598511,0.9300448894500732,3BZ3,orthosteric,YAM,2,hackathon_data/intermediate_files/asos_public/predictions/boltz_results_3BZ3_ORTHOSTERIC_YAM_config_0/predictions/3BZ3_ORTHOSTERIC_YAM_config_0/confidence_3BZ3_ORTHOSTERIC_YAM_config_0_model_2.json
0.9546505808830261,0.9692625999450684,0.9828997850418091,0.9828997850418091,0.0,0.9475882649421692,0.9520351886749268,0.3311936855316162,0.4129989445209503,0.9689151644706726,0.9403073191642761,0.9689151644706726,0.8149518370628357,0.9828997850418091,0.9403073191642761,3BZ3,orthosteric,YAM,1,hackathon_data/intermediate_files/asos_public/predictions/boltz_results_3BZ3_ORTHOSTERIC_YAM_config_0/predictions/3BZ3_ORTHOSTERIC_YAM_config_0/confidence_3BZ3_ORTHOSTERIC_YAM_config_0_model_1.json
0.95167475938797,0.9589411020278931,0.9767316579818726,0.9767316579818726,0.0,0.9454105496406555,0.9502288103103638,0.3723222017288208,0.4879789352416992,0.9585232734680176,0.9284007549285889,0.9585232734680176,0.7945854067802429,0.9767316579818726,0.9284007549285889,3BZ3,orthosteric,YAM,4,hackathon_data/intermediate_files/asos_public/predictions/boltz_results_3BZ3_ORTHOSTERIC_YAM_config_0/predictions/3BZ3_ORTHOSTERIC_YAM_config_0/confidence_3BZ3_ORTHOSTERIC_YAM_config_0_model_4.json
0.9530277252197266,0.9727979302406311,0.9825692176818848,0.9825692176818848,0.0,0.9456424117088318,0.9471403360366821,0.32251065969467163,0.41074126958847046,0.9728802442550659,0.9334284067153931,0.9728802442550659,0.8112188577651978,0.9825692176818848,0.9334284067153931,3BZ3,orthosteric,YAM,3,hackathon_data/intermediate_files/asos_public/predictions/boltz_results_3BZ3_ORTHOSTERIC_YAM_config_0/predictions/3BZ3_ORTHOSTERIC_YAM_config_0/confidence_3BZ3_ORTHOSTERIC_YAM_config_0_model_3.json
0.9740896224975586,0.9708256125450134,0.9603445529937744,0.9603445529937744,0.0,0.9775259494781494,0.9662089347839355,0.33393049240112305,0.5535950064659119,0.9723284840583801,0.970346987247467,0.9723284840583801,0.8042481541633606,0.9603445529937744,0.970346987247467,4YPQ,allosteric,4F1,3,hackathon_data/intermediate_files/asos_public/predictions/boltz_results_4YPQ_ALLOSTERIC_4F1_config_0/predictions/4YPQ_ALLOSTERIC_4F1_config_0/confidence_4YPQ_ALLOSTERIC_4F1_config_0_model_3.json
0.9755078554153442,0.9731632471084595,0.9661794304847717,0.9661794304847717,0.0,0.9778398871421814,0.9676936268806458,0.32354992628097534,0.5185477137565613,0.9743391871452332,0.9711279273033142,0.9743391871452332,0.8110937476158142,0.9661794304847717,0.9711279273033142,4YPQ,allosteric,4F1,0,hackathon_data/intermediate_files/asos_public/predictions/boltz_results_4YPQ_ALLOSTERIC_4F1_config_0/predictions/4YPQ_ALLOSTERIC_4F1_config_0/confidence_4YPQ_ALLOSTERIC_4F1_config_0_model_0.json
0.9727773070335388,0.9709332585334778,0.9549170732498169,0.9549170732498169,0.0,0.9772423505783081,0.9661617279052734,0.34422987699508667,0.6095141172409058,0.9730497598648071,0.9655115604400635,0.9730497598648071,0.7656462788581848,0.9549170732498169,0.9655115604400635,4YPQ,allosteric,4F1,4,hackathon_data/intermediate_files/asos_public/predictions/boltz_results_4YPQ_ALLOSTERIC_4F1_config_0/predictions/4YPQ_ALLOSTERIC_4F1_config_0/confidence_4YPQ_ALLOSTERIC_4F1_config_0_model_4.json
0.974873960018158,0.9731948971748352,0.9630510210990906,0.9630510210990906,0.0,0.97782963514328,0.9673839807510376,0.32689014077186584,0.5405794382095337,0.9747164249420166,0.9703894257545471,0.9747164249420166,0.804825484752655,0.9630510210990906,0.9703894257545471,4YPQ,allosteric,4F1,2,hackathon_data/intermediate_files/asos_public/predictions/boltz_results_4YPQ_ALLOSTERIC_4F1_config_0/predictions/4YPQ_ALLOSTERIC_4F1_config_0/confidence_4YPQ_ALLOSTERIC_4F1_config_0_model_2.json
0.975485622882843,0.9733390212059021,0.9659475088119507,0.9659475088119507,0.0,0.9778701663017273,0.9674317240715027,0.32463300228118896,0.5183328986167908,0.974544882774353,0.9719392657279968,0.974544882774353,0.8168686032295227,0.9659475088119507,0.9719392657279968,4YPQ,allosteric,4F1,1,hackathon_data/intermediate_files/asos_public/predictions/boltz_results_4YPQ_ALLOSTERIC_4F1_config_0/predictions/4YPQ_ALLOSTERIC_4F1_config_0/confidence_4YPQ_ALLOSTERIC_4F1_config_0_model_1.json
0.8960006833076477,0.9601716995239258,0.9830424785614014,0.9830424785614014,0.0,0.8742401599884033,0.8926416635513306,0.3653136193752289,0.47946807742118835,0.9589829444885254,0.9346286654472351,0.9589829444885254,0.7564249038696289,0.9830424785614014,0.9346286654472351,3ZCW,orthosteric,ADP,0,hackathon_data/intermediate_files/asos_public/predictions/boltz_results_3ZCW_ORTHOSTERIC_ADP_config_0/predictions/3ZCW_ORTHOSTERIC_ADP_config_0/confidence_3ZCW_ORTHOSTERIC_ADP_config_0_model_0.json
0.8953180313110352,0.9653540849685669,0.9853542447090149,0.9853542447090149,0.0,0.8728089332580566,0.8967646360397339,0.34847304224967957,0.4454461336135864,0.9642693400382996,0.9487396478652954,0.9642693400382996,0.7790674567222595,0.9853542447090149,0.9487396478652954,3ZCW,orthosteric,ADP,1,hackathon_data/intermediate_files/asos_public/predictions/boltz_results_3ZCW_ORTHOSTERIC_ADP_config_0/predictions/3ZCW_ORTHOSTERIC_ADP_config_0/confidence_3ZCW_ORTHOSTERIC_ADP_config_0_model_1.json
0.8923695683479309,0.9534522891044617,0.9831740260124207,0.9831740260124207,0.0,0.8696684837341309,0.8928486108779907,0.39377298951148987,0.48127830028533936,0.9517343640327454,0.9410197734832764,0.9517343640327454,0.7525104880332947,0.9831740260124207,0.9410197734832764,3ZCW,orthosteric,ADP,4,hackathon_data/intermediate_files/asos_public/predictions/boltz_results_3ZCW_ORTHOSTERIC_ADP_config_0/predictions/3ZCW_ORTHOSTERIC_ADP_config_0/confidence_3ZCW_ORTHOSTERIC_ADP_config_0_model_4.json
0.8940399289131165,0.9533900022506714,0.9823513627052307,0.9823513627052307,0.0,0.8719620704650879,0.8913701772689819,0.3908495604991913,0.5001189112663269,0.951825737953186,0.933740496635437,0.951825737953186,0.7404630780220032,0.9823513627052307,0.933740496635437,3ZCW,orthosteric,ADP,3,hackathon_data/intermediate_files/asos_public/predictions/boltz_results_3ZCW_ORTHOSTERIC_ADP_config_0/predictions/3ZCW_ORTHOSTERIC_ADP_config_0/confidence_3ZCW_ORTHOSTERIC_ADP_config_0_model_3.json
0.8950411081314087,0.9519352316856384,0.9824366569519043,0.9824366569519043,0.0,0.8731921911239624,0.8938515186309814,0.40066400170326233,0.5028530359268188,0.950154185295105,0.9379724264144897,0.950154185295105,0.7545191645622253,0.9824366569519043,0.9379724264144897,3ZCW,orthosteric,ADP,2,hackathon_data/intermediate_files/asos_public/predictions/boltz_results_3ZCW_ORTHOSTERIC_ADP_config_0/predictions/3ZCW_ORTHOSTERIC_ADP_config_0/confidence_3ZCW_ORTHOSTERIC_ADP_config_0_model_2.json
0.8705096244812012,0.9453355669975281,0.8739601373672485,0.8739601373672485,0.0,0.8696469664573669,0.7708260416984558,0.5487304925918579,2.733135938644409,0.9499847888946533,0.9030708074569702,0.9499847888946533,0.39321041107177734,0.8739601373672485,0.9030708074569702,5A1R,allosteric,STR,2,hackathon_data/intermediate_files/asos_public/predictions/boltz_results_5A1R_ALLOSTERIC_STR_config_0/predictions/5A1R_ALLOSTERIC_STR_config_0/confidence_5A1R_ALLOSTERIC_STR_config_0_model_2.json
0.8605939745903015,0.9449598789215088,0.8814070820808411,0.8814070820808411,0.0,0.855390727519989,0.7251052856445312,0.5238972902297974,2.387071371078491,0.9490419030189514,0.9015417695045471,0.9490419030189514,0.38572677969932556,0.8814070820808411,0.9015417695045471,5A1R,allosteric,STR,3,hackathon_data/intermediate_files/asos_public/predictions/boltz_results_5A1R_ALLOSTERIC_STR_config_0/predictions/5A1R_ALLOSTERIC_STR_config_0/confidence_5A1R_ALLOSTERIC_STR_config_0_model_3.json
0.8719159364700317,0.9455178380012512,0.8840484023094177,0.8840484023094177,0.0,0.8688828349113464,0.7140255570411682,0.5084244012832642,2.1234865188598633,0.9490537643432617,0.9073386192321777,0.9490537643432617,0.39387544989585876,0.8840484023094177,0.9073386192321777,5A1R,allosteric,STR,1,hackathon_data/intermediate_files/asos_public/predictions/boltz_results_5A1R_ALLOSTERIC_STR_config_0/predictions/5A1R_ALLOSTERIC_STR_config_0/confidence_5A1R_ALLOSTERIC_STR_config_0_model_1.json
0.8850376009941101,0.9445906281471252,0.9098910093307495,0.9098910093307495,0.0,0.8788242340087891,0.762101411819458,0.4937261641025543,1.8255884647369385,0.9471110701560974,0.9026555418968201,0.9471110701560974,0.39487841725349426,0.9098910093307495,0.9026555418968201,5A1R,allosteric,STR,0,hackathon_data/intermediate_files/asos_public/predictions/boltz_results_5A1R_ALLOSTERIC_STR_config_0/predictions/5A1R_ALLOSTERIC_STR_config_0/confidence_5A1R_ALLOSTERIC_STR_config_0_model_0.json
0.8545942306518555,0.9401240348815918,0.85747891664505,0.85747891664505,0.0,0.853873074054718,0.7104970812797546,0.5478452444076538,2.4988603591918945,0.9449880123138428,0.899198055267334,0.9449880123138428,0.34515491127967834,0.85747891664505,0.899198055267334,5A1R,allosteric,STR,4,hackathon_data/intermediate_files/asos_public/predictions/boltz_results_5A1R_ALLOSTERIC_STR_config_0/predictions/5A1R_ALLOSTERIC_STR_config_0/confidence_5A1R_ALLOSTERIC_STR_config_0_model_4.json
0.9219895601272583,0.9499970078468323,0.9605252146720886,0.9605252146720886,0.0,0.9123556017875671,0.8469064235687256,0.4515015780925751,0.6906863451004028,0.9510229825973511,0.9139156341552734,0.9510229825973511,0.7744865417480469,0.9605252146720886,0.9139156341552734,1JQH,orthosteric,ANP,0,hackathon_data/intermediate_files/asos_public/predictions/boltz_results_1JQH_ORTHOSTERIC_ANP_config_0/predictions/1JQH_ORTHOSTERIC_ANP_config_0/confidence_1JQH_ORTHOSTERIC_ANP_config_0_model_0.json
0.9192849397659302,0.9441180229187012,0.9625282883644104,0.9625282883644104,0.0,0.9084740877151489,0.8454228639602661,0.4700973629951477,0.6933057904243469,0.9442616105079651,0.9219128489494324,0.9442616105079651,0.7786410450935364,0.9625282883644104,0.9219128489494324,1JQH,orthosteric,ANP,3,hackathon_data/intermediate_files/asos_public/predictions/boltz_results_1JQH_ORTHOSTERIC_ANP_config_0/predictions/1JQH_ORTHOSTERIC_ANP_config_0/confidence_1JQH_ORTHOSTERIC_ANP_config_0_model_3.json
0.9149648547172546,0.936416506767273,0.9535262584686279,0.9535262584686279,0.0,0.9053245782852173,0.8261813521385193,0.5005525350570679,0.8092199563980103,0.9386360049247742,0.9070567488670349,0.9386360049247742,0.7490593791007996,0.9535262584686279,0.9070567488670349,1JQH,orthosteric,ANP,4,hackathon_data/intermediate_files/asos_public/predictions/boltz_results_1JQH_ORTHOSTERIC_ANP_config_0/predictions/1JQH_ORTHOSTERIC_ANP_config_0/confidence_1JQH_ORTHOSTERIC_ANP_config_0_model_4.json
0.9219085574150085,0.9493274092674255,0.9653570652008057,0.9653570652008057,0.0,0.9110463857650757,0.8490036129951477,0.44514724612236023,0.661567747592926,0.9496234059333801,0.924436092376709,0.9496234059333801,0.7848696708679199,0.9653570652008057,0.924436092376709,1JQH,orthosteric,ANP,1,hackathon_data/intermediate_files/asos_public/predictions/boltz_results_1JQH_ORTHOSTERIC_ANP_config_0/predictions/1JQH_ORTHOSTERIC_ANP_config_0/confidence_1JQH_ORTHOSTERIC_ANP_config_0_model_1.json
0.9206148386001587,0.9472615122795105,0.965107262134552,0.965107262134552,0.0,0.9094917178153992,0.8372130393981934,0.4446299076080322,0.684598445892334,0.9481254816055298,0.9269853234291077,0.9481254816055298,0.7515615224838257,0.965107262134552,0.9269853234291077,1JQH,orthosteric,ANP,2,hackathon_data/intermediate_files/asos_public/predictions/boltz_results_1JQH_ORTHOSTERIC_ANP_config_0/predictions/1JQH_ORTHOSTERIC_ANP_config_0/confidence_1JQH_ORTHOSTERIC_ANP_config_0_model_2.json
0.9298602342605591,0.9469342827796936,0.9897878766059875,0.9897878766059875,0.0,0.9148783087730408,0.9504682421684265,0.4558683931827545,0.488722562789917,0.9437514543533325,0.9794244170188904,0.9437514543533325,0.8077450394630432,0.9897878766059875,0.9794244170188904,5MO4,orthosteric,NIL,1,hackathon_data/intermediate_files/asos_public/predictions/boltz_results_5MO4_ORTHOSTERIC_NIL_config_0/predictions/5MO4_ORTHOSTERIC_NIL_config_0/confidence_5MO4_ORTHOSTERIC_NIL_config_0_model_1.json
0.924716591835022,0.944047212600708,0.9898406863212585,0.9898406863212585,0.0,0.908435583114624,0.9475879073143005,0.4653363525867462,0.48390233516693115,0.940635621547699,0.9801948070526123,0.940635621547699,0.805908203125,0.9898406863212585,0.9801948070526123,5MO4,orthosteric,NIL,4,hackathon_data/intermediate_files/asos_public/predictions/boltz_results_5MO4_ORTHOSTERIC_NIL_config_0/predictions/5MO4_ORTHOSTERIC_NIL_config_0/confidence_5MO4_ORTHOSTERIC_NIL_config_0_model_4.json
0.9271654486656189,0.9400153756141663,0.9877966046333313,0.9877966046333313,0.0,0.9120076298713684,0.9495934247970581,0.4581892192363739,0.5183752775192261,0.9365272521972656,0.9769302010536194,0.9365272521972656,0.789263904094696,0.9877966046333313,0.9769302010536194,5MO4,orthosteric,NIL,2,hackathon_data/intermediate_files/asos_public/predictions/boltz_results_5MO4_ORTHOSTERIC_NIL_config_0/predictions/5MO4_ORTHOSTERIC_NIL_config_0/confidence_5MO4_ORTHOSTERIC_NIL_config_0_model_2.json
0.9306818842887878,0.9407569169998169,0.9875403046607971,0.9875403046607971,0.0,0.9164673089981079,0.9500091671943665,0.4721345603466034,0.5334660410881042,0.9372895359992981,0.9746221899986267,0.9372895359992981,0.7814165353775024,0.9875403046607971,0.9746221899986267,5MO4,orthosteric,NIL,0,hackathon_data/intermediate_files/asos_public/predictions/boltz_results_5MO4_ORTHOSTERIC_NIL_config_0/predictions/5MO4_ORTHOSTERIC_NIL_config_0/confidence_5MO4_ORTHOSTERIC_NIL_config_0_model_0.json
0.9256521463394165,0.9358429312705994,0.9883575439453125,0.9883575439453125,0.0,0.9099757671356201,0.949683666229248,0.49282220005989075,0.5182429552078247,0.9319604635238647,0.977631688117981,0.9319604635238647,0.7848501205444336,0.9883575439453125,0.977631688117981,5MO4,orthosteric,NIL,3,hackathon_data/intermediate_files/asos_public/predictions/boltz_results_5MO4_ORTHOSTERIC_NIL_config_0/predictions/5MO4_ORTHOSTERIC_NIL_config_0/confidence_5MO4_ORTHOSTERIC_NIL_config_0_model_3.json
0.9629610180854797,0.9520872235298157,0.9792417883872986,0.9792417883872986,0.0,0.9588908553123474,0.9631714224815369,0.37351056933403015,0.44343340396881104,0.9495547413825989,0.9025524258613586,0.9495547413825989,0.6364734768867493,0.9792417883872986,0.9025524258613586,5APH,orthosteric,VYI,4,hackathon_data/intermediate_files/asos_public/predictions/boltz_results_5APH_ORTHOSTERIC_VYI_config_0/predictions/5APH_ORTHOSTERIC_VYI_config_0/confidence_5APH_ORTHOSTERIC_VYI_config_0_model_4.json
0.970780074596405,0.9564372301101685,0.9813237190246582,0.9813237190246582,0.0,0.9681441783905029,0.9703891277313232,0.3603658378124237,0.41902977228164673,0.9540920257568359,0.9106030464172363,0.9540920257568359,0.6625651717185974,0.9813237190246582,0.9106030464172363,5APH,orthosteric,VYI,0,hackathon_data/intermediate_files/asos_public/predictions/boltz_results_5APH_ORTHOSTERIC_VYI_config_0/predictions/5APH_ORTHOSTERIC_VYI_config_0/confidence_5APH_ORTHOSTERIC_VYI_config_0_model_0.json
0.966776967048645,0.9596661329269409,0.9789767265319824,0.9789767265319824,0.0,0.9637269973754883,0.9630637168884277,0.35820508003234863,0.4456091523170471,0.9578973650932312,0.9116631746292114,0.9578973650932312,0.6618267297744751,0.9789767265319824,0.9116631746292114,5APH,orthosteric,VYI,2,hackathon_data/intermediate_files/asos_public/predictions/boltz_results_5APH_ORTHOSTERIC_VYI_config_0/predictions/5APH_ORTHOSTERIC_VYI_config_0/confidence_5APH_ORTHOSTERIC_VYI_config_0_model_2.json
0.9651216864585876,0.9706222414970398,0.9780282974243164,0.9780282974243164,0.0,0.9618950486183167,0.9602503180503845,0.3314897418022156,0.45337870717048645,0.9702354073524475,0.9071448445320129,0.9702354073524475,0.6636030673980713,0.9780282974243164,0.9071448445320129,5APH,orthosteric,VYI,3,hackathon_data/intermediate_files/asos_public/predictions/boltz_results_5APH_ORTHOSTERIC_VYI_config_0/predictions/5APH_ORTHOSTERIC_VYI_config_0/confidence_5APH_ORTHOSTERIC_VYI_config_0_model_3.json
0.9696242213249207,0.957129955291748,0.9826827645301819,0.9826827645301819,0.0,0.9663596153259277,0.9697230458259583,0.3550051748752594,0.41220614314079285,0.9548583030700684,0.9138296246528625,0.9548583030700684,0.6738252639770508,0.9826827645301819,0.9138296246528625,5APH,orthosteric,VYI,1,hackathon_data/intermediate_files/asos_public/predictions/boltz_results_5APH_ORTHOSTERIC_VYI_config_0/predictions/5APH_ORTHOSTERIC_VYI_config_0/confidence_5APH_ORTHOSTERIC_VYI_config_0_model_1.json
0.921120822429657,0.971476137638092,0.9859755039215088,0.9859755039215088,0.0,0.9049072265625,0.9116771817207336,0.3459875285625458,0.4677683115005493,0.970607578754425,0.9581652283668518,0.970607578754425,0.7343958020210266,0.9859755039215088,0.9581652283668518,3I81,orthosteric,EBI,3,hackathon_data/intermediate_files/asos_public/predictions/boltz_results_3I81_ORTHOSTERIC_EBI_config_0/predictions/3I81_ORTHOSTERIC_EBI_config_0/confidence_3I81_ORTHOSTERIC_EBI_config_0_model_3.json
0.9221698045730591,0.9576217532157898,0.983919620513916,0.983919620513916,0.0,0.9067323207855225,0.9114187359809875,0.383421391248703,0.5075722932815552,0.9555943012237549,0.931989848613739,0.9555943012237549,0.6562883853912354,0.983919620513916,0.931989848613739,3I81,orthosteric,EBI,2,hackathon_data/intermediate_files/asos_public/predictions/boltz_results_3I81_ORTHOSTERIC_EBI_config_0/predictions/3I81_ORTHOSTERIC_EBI_config_0/confidence_3I81_ORTHOSTERIC_EBI_config_0_model_2.json
0.9232279062271118,0.963525116443634,0.985198438167572,0.985198438167572,0.0,0.907735288143158,0.9127269387245178,0.3655882477760315,0.48524436354637146,0.9618992209434509,0.9590613842010498,0.9618992209434509,0.7307813763618469,0.985198438167572,0.9590613842010498,3I81,orthosteric,EBI,0,hackathon_data/intermediate_files/asos_public/predictions/boltz_results_3I81_ORTHOSTERIC_EBI_config_0/predictions/3I81_ORTHOSTERIC_EBI_config_0/confidence_3I81_ORTHOSTERIC_EBI_config_0_model_0.json
0.9222131967544556,0.9632712602615356,0.9850841760635376,0.9850841760635376,0.0,0.9064953923225403,0.9141214489936829,0.36627039313316345,0.4795239567756653,0.9616335034370422,0.9618645906448364,0.9616335034370422,0.7400232553482056,0.9850841760635376,0.9618645906448364,3I81,orthosteric,EBI,1,hackathon_data/intermediate_files/asos_public/predictions/boltz_results_3I81_ORTHOSTERIC_EBI_config_0/predictions/3I81_ORTHOSTERIC_EBI_config_0/confidence_3I81_ORTHOSTERIC_EBI_config_0_model_1.json
0.9188246130943298,0.9532940983772278,0.983333945274353,0.983333945274353,0.0,0.9026972651481628,0.9132683277130127,0.3943544626235962,0.5007838010787964,0.9509059190750122,0.9583426117897034,0.9509059190750122,0.7199162840843201,0.983333945274353,0.9583426117897034,3I81,orthosteric,EBI,4,hackathon_data/intermediate_files/asos_public/predictions/boltz_results_3I81_ORTHOSTERIC_EBI_config_0/predictions/3I81_ORTHOSTERIC_EBI_config_0/confidence_3I81_ORTHOSTERIC_EBI_config_0_model_4.json
0.947370171546936,0.9331636428833008,0.9569001197814941,0.9569001197814941,0.0,0.9449875950813293,0.9258286952972412,0.4571141004562378,1.2031068801879883,0.9323104619979858,0.8918830156326294,0.9323104619979858,0.7060281038284302,0.9569001197814941,0.8918830156326294,3FGU,orthosteric,ANP,0,hackathon_data/intermediate_files/asos_public/predictions/boltz_results_3FGU_ORTHOSTERIC_ANP_config_0/predictions/3FGU_ORTHOSTERIC_ANP_config_0/confidence_3FGU_ORTHOSTERIC_ANP_config_0_model_0.json
0.9446878433227539,0.9276412129402161,0.9550532698631287,0.9550532698631287,0.0,0.9420965313911438,0.9213486313819885,0.47007685899734497,1.2465797662734985,0.9267194867134094,0.8881286382675171,0.9267194867134094,0.6923642158508301,0.9550532698631287,0.8881286382675171,3FGU,orthosteric,ANP,3,hackathon_data/intermediate_files/asos_public/predictions/boltz_results_3FGU_ORTHOSTERIC_ANP_config_0/predictions/3FGU_ORTHOSTERIC_ANP_config_0/confidence_3FGU_ORTHOSTERIC_ANP_config_0_model_3.json
0.9458182454109192,0.9347153306007385,0.9513474702835083,0.9513474702835083,0.0,0.9444358944892883,0.9234191179275513,0.4589298367500305,1.2738033533096313,0.9344122409820557,0.8900032639503479,0.9344122409820557,0.7030053734779358,0.9513474702835083,0.8900032639503479,3FGU,orthosteric,ANP,1,hackathon_data/intermediate_files/asos_public/predictions/boltz_results_3FGU_ORTHOSTERIC_ANP_config_0/predictions/3FGU_ORTHOSTERIC_ANP_config_0/confidence_3FGU_ORTHOSTERIC_ANP_config_0_model_1.json
0.9425293207168579,0.9398604035377502,0.9563974738121033,0.9563974738121033,0.0,0.9390622973442078,0.9214160442352295,0.4469468593597412,1.2239352464675903,0.9394576549530029,0.8935775756835938,0.9394576549530029,0.7073525190353394,0.9563974738121033,0.8935775756835938,3FGU,orthosteric,ANP,4,hackathon_data/intermediate_files/asos_public/predictions/boltz_results_3FGU_ORTHOSTERIC_ANP_config_0/predictions/3FGU_ORTHOSTERIC_ANP_config_0/confidence_3FGU_ORTHOSTERIC_ANP_config_0_model_4.json
0.9450375437736511,0.9254679679870605,0.9508547782897949,0.9508547782897949,0.0,0.9435832500457764,0.9214287400245667,0.491554856300354,1.4154924154281616,0.9246553182601929,0.894886314868927,0.9246553182601929,0.6838838458061218,0.9508547782897949,0.894886314868927,3FGU,orthosteric,ANP,2,hackathon_data/intermediate_files/asos_public/predictions/boltz_results_3FGU_ORTHOSTERIC_ANP_config_0/predictions/3FGU_ORTHOSTERIC_ANP_config_0/confidence_3FGU_ORTHOSTERIC_ANP_config_0_model_2.json
0.9196416139602661,0.9620670676231384,0.9690307378768921,0.9690307378768921,0.0,0.9072942733764648,0.8566470742225647,0.37193939089775085,0.547343909740448,0.96307772397995,0.927089273929596,0.96307772397995,0.8054781556129456,0.9690307378768921,0.927089273929596,2IJM,orthosteric,ATP,2,hackathon_data/intermediate_files/asos_public/predictions/boltz_results_2IJM_ORTHOSTERIC_ATP_config_0/predictions/2IJM_ORTHOSTERIC_ATP_config_0/confidence_2IJM_ORTHOSTERIC_ATP_config_0_model_2.json
0.9172564744949341,0.9559259414672852,0.9666990637779236,0.9666990637779236,0.0,0.9048957824707031,0.8511595726013184,0.3991445302963257,0.5920554399490356,0.9568156599998474,0.9260517954826355,0.9568156599998474,0.8007562756538391,0.9666990637779236,0.9260517954826355,2IJM,orthosteric,ATP,3,hackathon_data/intermediate_files/asos_public/predictions/boltz_results_2IJM_ORTHOSTERIC_ATP_config_0/predictions/2IJM_ORTHOSTERIC_ATP_config_0/confidence_2IJM_ORTHOSTERIC_ATP_config_0_model_3.json
0.923010528087616,0.9581725001335144,0.9704629182815552,0.9704629182815552,0.0,0.91114741563797,0.8643486499786377,0.38117432594299316,0.565147876739502,0.9586222767829895,0.930626392364502,0.9586222767829895,0.8031216859817505,0.9704629182815552,0.930626392364502,2IJM,orthosteric,ATP,1,hackathon_data/intermediate_files/asos_public/predictions/boltz_results_2IJM_ORTHOSTERIC_ATP_config_0/predictions/2IJM_ORTHOSTERIC_ATP_config_0/confidence_2IJM_ORTHOSTERIC_ATP_config_0_model_1.json
0.9271464347839355,0.9624821543693542,0.9735995531082153,0.9735995531082153,0.0,0.915533185005188,0.8721404671669006,0.36278289556503296,0.5177831053733826,0.9631028175354004,0.9364298582077026,0.9631028175354004,0.8112832903862,0.9735995531082153,0.9364298582077026,2IJM,orthosteric,ATP,0,hackathon_data/intermediate_files/asos_public/predictions/boltz_results_2IJM_ORTHOSTERIC_ATP_config_0/predictions/2IJM_ORTHOSTERIC_ATP_config_0/confidence_2IJM_ORTHOSTERIC_ATP_config_0_model_0.json
0.9163954854011536,0.9501209855079651,0.9662737250328064,0.9662737250328064,0.0,0.9039259552955627,0.8560718297958374,0.4177493751049042,0.6087665557861328,0.950654149055481,0.9254812598228455,0.950654149055481,0.7982032299041748,0.9662737250328064,0.9254812598228455,2IJM,orthosteric,ATP,4,hackathon_data/intermediate_files/asos_public/predictions/boltz_results_2IJM_ORTHOSTERIC_ATP_config_0/predictions/2IJM_ORTHOSTERIC_ATP_config_0/confidence_2IJM_ORTHOSTERIC_ATP_config_0_model_4.json
0.9468434453010559,0.913191020488739,0.9732452034950256,0.9732452034950256,0.0,0.9402430057525635,0.9379056692123413,0.4377666413784027,0.954437255859375,0.9121091365814209,0.9758344888687134,0.9121091365814209,0.697096049785614,0.9732452034950256,0.9758344888687134,1YV3,allosteric,BIT,2,hackathon_data/intermediate_files/asos_public/predictions/boltz_results_1YV3_ALLOSTERIC_BIT_config_0/predictions/1YV3_ALLOSTERIC_BIT_config_0/confidence_1YV3_ALLOSTERIC_BIT_config_0_model_2.json
0.9436514973640442,0.9050832390785217,0.9682523012161255,0.9682523012161255,0.0,0.9375013113021851,0.9333854913711548,0.4598589837551117,1.0701065063476562,0.9039581418037415,0.9742254614830017,0.9039581418037415,0.6710193157196045,0.9682523012161255,0.9742254614830017,1YV3,allosteric,BIT,3,hackathon_data/intermediate_files/asos_public/predictions/boltz_results_1YV3_ALLOSTERIC_BIT_config_0/predictions/1YV3_ALLOSTERIC_BIT_config_0/confidence_1YV3_ALLOSTERIC_BIT_config_0_model_3.json
0.9431967735290527,0.9071444869041443,0.9713836908340454,0.9713836908340454,0.0,0.936150074005127,0.9343215227127075,0.4549270570278168,0.9965460896492004,0.9059523344039917,0.9763578176498413,0.9059523344039917,0.6919781565666199,0.9713836908340454,0.9763578176498413,1YV3,allosteric,BIT,4,hackathon_data/intermediate_files/asos_public/predictions/boltz_results_1YV3_ALLOSTERIC_BIT_config_0/predictions/1YV3_ALLOSTERIC_BIT_config_0/confidence_1YV3_ALLOSTERIC_BIT_config_0_model_4.json
0.9470440149307251,0.9142969846725464,0.9728642702102661,0.9728642702102661,0.0,0.9405889511108398,0.9397042393684387,0.439958393573761,0.9599809050559998,0.9132334589958191,0.9767084121704102,0.9132334589958191,0.7033979892730713,0.9728642702102661,0.9767084121704102,1YV3,allosteric,BIT,0,hackathon_data/intermediate_files/asos_public/predictions/boltz_results_1YV3_ALLOSTERIC_BIT_config_0/predictions/1YV3_ALLOSTERIC_BIT_config_0/confidence_1YV3_ALLOSTERIC_BIT_config_0_model_0.json
0.9468631744384766,0.9149987101554871,0.9730709195137024,0.9730709195137024,0.0,0.9403112530708313,0.9376842975616455,0.4341932535171509,0.9675760269165039,0.9139519929885864,0.9761951565742493,0.9139519929885864,0.6983025074005127,0.9730709195137024,0.9761951565742493,1YV3,allosteric,BIT,1,hackathon_data/intermediate_files/asos_public/predictions/boltz_results_1YV3_ALLOSTERIC_BIT_config_0/predictions/1YV3_ALLOSTERIC_BIT_config_0/confidence_1YV3_ALLOSTERIC_BIT_config_0_model_1.json
